Token,Item Name,Customer-facing Name,Variation Name,Unit and Precision,SKU,Description,Categories,Reporting Category,SEO Title,SEO Description,Permalink,GTIN,Square Online Item Visibility,Item Type,Weight (lb),Social Media Link Title,Social Media Link Description,Shipping Enabled,Self-serve Ordering Enabled,Delivery Enabled,Pickup Enabled,Price,Online Sale Price,Archived,Sellable,Contains Alcohol,Stockable,Skip Detail Screen in POS,Option Name 1,Option Value 1,Current Quantity Herbalistic Wellness,New Quantity Herbalistic Wellness,Stock Alert Enabled Herbalistic Wellness,Stock Alert Count Herbalistic Wellness,Tax - Sales Tax (6%)
XLNDFBEHSJZY4K3RRFM6XQAQ,"Anti-Viral Flush Herbal Blend Tea, Cough Suppressant Tea, Strep Throat Tea, Cold & Flu Tea, Virus Ease Tea",,"Flavor: Hibiscus Flush, Size: 3 Day Flush",,944003W,"There comes a time when your body needs an extra boost, a little extra help to assist itself in doing what it does best and that's protect you from viruses and infections of all kinds. There's no debate about it nasty viruses zap your energy and give you body aches, chills, cough, fever, sore throat, runny nose, congestion, and a general sense of feeling awful. My recipe for the Herbalistic Wellness Antiviral Flush may be able to help and comes in 3 different flavors making it the best Antiviral bomb you can drop in your body for the immune system boost your body needs to begin easing your symptoms by supporting your bodies own immune system in fighting off viruses of many types... Strep Throat, Cold, Flu, or easing up mild Corona Virus symptoms & speeding up recovery time. Take this Antiviral Herbal Flush 3 times a day in the form of a tea to promote health and balance your bodies imbalances.
 Every active ingredient serves a purpose: Echinacea: Echinacea tea has long been used as a staple in improving the immune system and fending off infections. Echinacea offers antibacterial properties that prevent pathogens from making you sick. Echinacea tea can also soothe a sore throat and minimize aches and pains caused by the common cold and flu. 
Ginger: Ginger has been shown to have impressive antiviral activity thanks to its high concentration of potent plant compounds. Specific compounds in ginger, such as gingerols and zingerone, have been found to inhibit viral replication and prevent viruses from entering host cells. 
Peppermint: Respiratory herbs like Peppermint can help keep respiratory passages open and improve breathing capacity but they can also work as mucous expectorants, as antivirals and antimicrobials, and help ‘sanitize’ the ambient air in confined spaces when diffused. 
Sage: Sage is an aromatic herb that has long been used in traditional medicine to treat viral infections. The antiviral properties of sage are mostly attributed to compounds called safficinolide and sage one, which are found in the leaves and stem of the plant. 
Mullein: Mullein is a great medicinal for the lungs, even when you smoke it. It soothes inflamed or infected lungs, and prevents coughing until infection or inflammation is broken. Then it aids in expectoration, helping to break up congestion and promote “effective” coughing. Elderberries: 
Elderberry supplementation may reduce the duration and severity of upper respiratory symptoms. Elderberry infusions have been shown to reduce the severity and length of influenza. packed with antioxidants and vitamins that may boost your immune system. They could help tame inflammation, lessen stress, and help protect your heart, too.
 Varieties: 
Rooibos Blend- South African Red Bush Rooibos tea contains antioxidants with anti-inflammatory properties that help to reduce inflammation and feelings of aches and pains. The anti-spasmodic compounds in rooibos tea help to alleviate abdominal pain such as stomach cramps by activating potassium ions throughout the body. 
Hibiscus Blend - Packed With Antioxidants. Share on Pinterest.May Help Lower Blood Pressure, May Help Lower Blood Fat Levels, May Boost Liver Health, Could Promote Weight Loss, Contains Compounds That May Help Prevent Cancer, Could Help Fight Bacteria and it's very flavorful
 Sleepy Time Blend (Valerian, Lavender, Chamomile) - Valerian Root is used to relieve anxiety, depression, and poor sleep, and also to ease menstrual and stomach cramps. Valerian has a mild calming effect that does not usually result in sleepiness the next day. As a sleep aid, valerian seems to be most effective for people who have trouble falling asleep and who consider themselves to be poor sleepers. It also has had good results for people who wake up during the night. Lavender- Lavender has a long history of medicinal use and is suggested to possess anticonvulsant, antidepressive, anxiolytic, sedative, and calming properties. 
((Comes in loose tea form with tea bags included))","Dried Herbs (7GYXS5CP73OFYX3B3MZ3WPFP), Dried Herbs (MYWUWDVIY57BRTZAMQDGIUXO)",Dried Herbs (MYWUWDVIY57BRTZAMQDGIUXO),Antiviral Flush | Herbalistic Wellness,"As the cold weather makes its debut there comes a time when your body needs an extra boost, a little extra help to assist itself in doing what it does best We've got the perfect solution, visit us to learn more upto 15% off today!",,,unavailable,Physical good,0.5,,,Y,,Y,,13.99,11.19,Y,,N,,N,,,0,,,,Y
XWLEGNEUSSGM5VLJFEIWJDTP,"Anti-Viral Flush Herbal Blend Tea, Cough Suppressant Tea, Strep Throat Tea, Cold & Flu Tea, Virus Ease Tea",,"Flavor: Hibiscus Flush, Size: 7 Day Flush",,847834G,,"Dried Herbs (7GYXS5CP73OFYX3B3MZ3WPFP), Dried Herbs (MYWUWDVIY57BRTZAMQDGIUXO)",Dried Herbs (MYWUWDVIY57BRTZAMQDGIUXO),,,,,unavailable,Physical good,0.5,,,,,,,23.00,18.40,Y,,,,N,,,3,,,,Y
ZIOK2VTVXIAVESTOGYGG5WY7,"Anti-Viral Flush Herbal Blend Tea, Cough Suppressant Tea, Strep Throat Tea, Cold & Flu Tea, Virus Ease Tea",,"Flavor: Rooibos Flush, Size: 3 Day Flush",,A632555,,"Dried Herbs (7GYXS5CP73OFYX3B3MZ3WPFP), Dried Herbs (MYWUWDVIY57BRTZAMQDGIUXO)",Dried Herbs (MYWUWDVIY57BRTZAMQDGIUXO),,,,,unavailable,Physical good,0.5,,,,,,,16.99,13.59,Y,,,,N,,,2,,,,Y
C62MNXSJM64F5MLOIT4AZ3LO,"Anti-Viral Flush Herbal Blend Tea, Cough Suppressant Tea, Strep Throat Tea, Cold & Flu Tea, Virus Ease Tea",,"Flavor: Rooibos Flush, Size: 7 Day Flush",,708593E,,"Dried Herbs (7GYXS5CP73OFYX3B3MZ3WPFP), Dried Herbs (MYWUWDVIY57BRTZAMQDGIUXO)",Dried Herbs (MYWUWDVIY57BRTZAMQDGIUXO),,,,,unavailable,Physical good,0.5,,,,,,,26.00,20.80,Y,,,,N,,,3,,,,Y
2CUKKBE5G2AGQPB232AHLTH4,"Anti-Viral Flush Herbal Blend Tea, Cough Suppressant Tea, Strep Throat Tea, Cold & Flu Tea, Virus Ease Tea",,"Flavor: Sleepy Time Flush, Size: 3 Day Flush",,1124845,,"Dried Herbs (7GYXS5CP73OFYX3B3MZ3WPFP), Dried Herbs (MYWUWDVIY57BRTZAMQDGIUXO)",Dried Herbs (MYWUWDVIY57BRTZAMQDGIUXO),,,,,unavailable,Physical good,0.5,,,,,,,19.99,15.99,Y,,,,N,,,3,,,,Y
4XA2KCCMFAQAAJU64STQ7ZZ4,"Anti-Viral Flush Herbal Blend Tea, Cough Suppressant Tea, Strep Throat Tea, Cold & Flu Tea, Virus Ease Tea",,"Flavor: Sleepy Time Flush, Size: 7 Day Flush",,8147896,,"Dried Herbs (7GYXS5CP73OFYX3B3MZ3WPFP), Dried Herbs (MYWUWDVIY57BRTZAMQDGIUXO)",Dried Herbs (MYWUWDVIY57BRTZAMQDGIUXO),,,,,unavailable,Physical good,0.5,,,,,,,29.99,23.99,Y,,,,N,,,3,,,,Y
ZNTP43UYQ4JWVOJ3HPEAO22P,Arnica Flower (Dried Organic),,Size: 1oz,,271132B,"Arnica is commonly used as an alternative for the relief and speeding up of recovery times for bruising, pain, myalgia (muscle soreness), and arthralgia (joint aches).

Arnica is commonly marketed by homeopathic drug manufacturers as an effective treatment for osteoarthritis, post-shingles neuralgia, diabetic neuropathy, post-surgical pain, wound healing, and even cancer.

It is important to speak with a doctor to determine if arnica is a reasonable and safe option to explore either on its own or along with other pain meds.



These statements have not been evaluated by the Food and Drug Administration. This product is not intended to diagnose, treat, cure, or prevent any disease.


Herbalistic Wellness is a proud supporter of the National Multiple Sclerosis Society Visit them today to donate @ www.nationalmssociety.org","Dried Herbs (7GYXS5CP73OFYX3B3MZ3WPFP), Dried Herbs (MYWUWDVIY57BRTZAMQDGIUXO)",Dried Herbs (MYWUWDVIY57BRTZAMQDGIUXO),Arnica Flowers | Herbalistic Wellness,SHOP NOW Arnica Flowers Premium Organic Herbs from Herbalistic Wellness Local Delivery Available,,,visible,Physical good,0.06,,,Y,,Y,,12.50,,N,,,,Y,,,6,,,,Y
Y2JL7WZUTVJM6EAFMDDL45RR,Arnica Oil,,Size: 2oz,,F985374,"Derived from the Arnica Flower of the sunflower family, arnica oil has been commonly known to reduce inflammatory pain when applied topically. Typically is also used for the pain and swelling associated with bruises, sprains, pulls, muscle aches, arthritis, and it's even an effective remedy for carpal tunnel syndrome when used in the morning it can loosen your wrist up for the day and at night it can relax it again so you can get a good night's rest. 

Did you know that since it helps to boost circulation, reduce inflammatory pain and speed up the body's natural healing process it may also be beneficial for people suffering from MS ( Multiple Sclerosis )  & Fibromyalgia, etc.... 

Arnica Oil can rejuvenate the scalp by stimulating the hair follicles & improving the blood flow... may also assist with premature hair loss.

DO NOT INJEST ARNICA CAN BE SERIOUSLY POISONOUS WHEN INJESTED

These statements have not been evaluated by the Food and Drug Administration. This product is not intended to diagnose, treat, cure, or prevent any disease.


Herbalistic Wellness is a proud supporter of the National Multiple Sclerosis Society Visit them today to donate @ www.nationalmssociety.com","Herbal Infused Oils (DXZSPU4M3C4C3KYLR7ZMTCV3), Oils\, Creams\, & Salves",Herbal Infused Oils (DXZSPU4M3C4C3KYLR7ZMTCV3),Arnica Infused Oil | Herbalistic Wellness,"Arnica Oil from Herbalistic Wellness. Arnica has been used for the pain and swelling associated with bruises, sprains, pulls, muscle aches, and even arthritis, helps to boost circulation and speed up the bodies natural healing process. All natural, vegan, plant based. Visit the shop now to learn more.",,,visible,Physical good,0.31,,,Y,N,Y,N,22.49,,N,,N,,Y,,,5,,,,N
32MPWYYTSKIQKYKKYIJL72YO,Burdock Root,,2oz,,576764A,"Discover the time-honored benefits of Burdock Root with our premium herbal preparation. This amazing root has been traditionally used in herbalism for centuries to support overall wellness and promote internal balance.

Arctium lappa is celebrated for its potential to act as a natural detoxifier and support healthy skin. It may aid the body in eliminating impurities, promoting a clearer complexion and overall vitality. Additionally, this root is known for its supportive effects on the digestive system.

At Herbalistic Wellness, we carefully prepare our herbs to ensure maximum potency and efficacy. We believe in providing you with the highest quality herbal remedies to support your wellness journey. View Our reviews as featured on <a href=""http://herbalisticwellness.etsy.com"" rel=""nofollow"">Etsy</a>.

Explore the full potential and other detoxifying herbs by visiting our &#34;What&#39;s The Tea?&#34; blog. What&#39;s The Tea <a href=""https://herbalisticwellness.com/s/home-remedies/herbal-remedies-archive/burdock-root-for-gout/"" rel=""nofollow"">On Burdock Root for Gout!</a>

Ingredients: Burdock Root (Arctium lappa)

FDA Disclaimer: These statements have not been evaluated by the Food and Drug Administration. This product is not intended to diagnose, treat, cure, or prevent any disease.",Dried Herbs (MYWUWDVIY57BRTZAMQDGIUXO),Dried Herbs (MYWUWDVIY57BRTZAMQDGIUXO),Burdock Root Cut and Sifted | Herbalistic Wellness,"Premium Quality Burdock Root. Did you know that burdock root is one of the many herbs that has been used over the centuries to increase urine flow, kill germs, reduce fever, & to even purify blood. Visit the shop to learn more today! Local Delivery Available",,,visible,Physical good,0.13,,,Y,,N,,10.00,,N,,,,Y,Size,2oz,9,,,,Y
COZEYWR4CKZIZ5B4EJNRKSUV,Butterfly Pea Flower,,Size: With Tea Bags- 1 fl oz,,HW142-1,"Unleash the magic of Butterfly Pea Flower, a captivating herbal treasure that transforms ordinary moments into extraordinary experiences. Celebrated for its vibrant blue hue and fascinating color-changing properties, this flower offers a unique blend of visual delight and wellness benefits.

A Feast for the Eyes: Butterfly Pea Flower (Clitoria ternatea) is renowned for its stunning deep-blue color. Steeped as a tea, it creates a mesmerizing indigo infusion. But the magic doesn&#39;t stop there! Add a squeeze of lemon, and watch the color transform into enchanting shades of purple and pink, a captivating display of nature&#39;s artistry.
Culinary Creativity: Elevate your culinary creations with the natural wonder of Butterfly Pea Flower. Infuse it into rice for vibrant blue hues, swirl it into smoothies for a pop of color, or use it to create visually stunning desserts that will impress your guests.
Nootropic Power: Beyond its visual appeal, Butterfly Pea Flower has been traditionally used for its potential nootropic properties. It&#39;s believed to support cognitive function, enhance memory, and reduce stress, adding a touch of wellness to its captivating charm. (As discussed on our blog!)

Want to explore the science behind the color change or discover creative recipes? Visit our &#34;What&#39;s The Tea?&#34; blog for in-depth articles and inspiration. <a href=""https://herbalisticwellness.com/stories/"" rel=""nofollow"">Click here to view more on our What&#39;s The Tea? blog</a>

Our Butterfly Pea Flowers are carefully sourced and prepared to preserve their vibrant color and potent properties. We&#39;re committed to providing you with the highest quality for a truly enchanting experience.

Ingredients: Dried Whole Butterfly Pea Flowers (Clitoria ternatea)

FDA Disclaimer: These statements have not been evaluated by the Food and Drug Administration. This product is not intended to diagnose, treat, cure, or prevent any disease.","Dried Herbs (MYWUWDVIY57BRTZAMQDGIUXO), | Bestsellers |",| Bestsellers |,Butterfly Pea Flower Whole Dried Premium Herb | Herbalistic Wellness,"Clitoria Ternatea known to most as Butterfly Pea Flower or Blue Tea  has been consumed by our ancestors for many many years because of it's amazing benefits for the brain, eyes, hair, boosting collagen and much more!! LOCAL DELIVERY AVAILABLE",,,unavailable,Physical good,0.06,,,Y,N,Y,N,11.99,,Y,,N,,Y,,,28,,Y,3,Y
K7NAAHACXMRG4ETSV5NYH34H,Butterfly Pea Flower Organic Herb Loose Leaf Whole Flowers,,Size: With Tea Bags-1 fl oz,,G748170,"SOLD WITH 100% ALL NATURAL UNBLEACHED WOOD PULP FILTER PAPER TEA BAGS

Clitoria Ternatea known to most as Butterfly Pea Flower or Blue Tea  has been consumed by our ancestors for many many years... It has been used to enhance the color of food, beverages and much more but also has long been thought of as a natural memory enhancer, brain booster, anti-stress and much more by the ancients.

Known for its royal blue color many are amazed by the immediate change in color that occurs when the ph balance changes by way of additional elements like lemon, you will get to experience beautiful hues of deep purple or vibrant pink color.


The benefits are endless with Butterfly Pea Flower (Clitoria Ternatea )

Aids in improving Eyesight, Supports Hair Growth, May Improve Skin, A Natural Aphrodisiac, Natural Antioxidant qualities, A Natural Nootropic, A Natural Diuretic, Naturally Anti inflammatory, A Natural Expectorant And much much more!

Find out what the hype is all about for yourself


These statements have not been evaluated by the Food and Drug Administration. This product is not intended to diagnose, treat, cure, or prevent any disease.


Herbalistic Wellness is a proud supporter of the National Multiple Sclerosis Society Visit them today to donate @ www.nationalmssociety.org",| Bestsellers |,| Bestsellers |,Premium Quality Butterfly Pea Flower | Herbalistic Wellness,"Long thought to aid in improving Eyesight, supporting Hair Growth, Improve Skin, as Natural Aphrodisiac, a Natural Antioxidant, A Natural Nootropic, A Natural Diuretic, Naturally Anti inflammatory, A Natural Expectorant And much much more! Experience this amazing blue tea for yourself.",,,hidden,Physical good,0.06,,,Y,,Y,,9.00,,N,,,,,,,23,,,,N
XPAKGBE5M2BWXV7XF4YCDR5E,Butterfly Pea Flower Organic Herb Loose Leaf Whole Flowers,,Size: With Tea Bags- .5 fl oz,,C189379,,| Bestsellers |,| Bestsellers |,,,,,hidden,Physical good,0.03,,,,,,,5.50,,N,,,,,,,15,,,,N
G7DOEITLERYLHH7NRMCM4GSD,Butterfly Pea Flower Organic Herb | Loose Leaf Whole flowers | Smart Plant | Nootropic | MEMORY Booster | Collagen Building | Eye Health,,Size: With Tea Bags- .5 fl oz,,329443W,"Clitoria Ternatea known to most as Butterfly Pea Flower or Blue Tea  has been consumed by our ancestors for many many years... It has been used to enhance the color of food, beverages and much more but also has long been thought of as a natural memory enhancer, brain booster, anti-stress and much more by the ancients.

Known for its royal blue color many are amazed by the immediate change in color that occurs when the ph balance changes by way of additional elements like lemon, you will get to experience beautiful hues of deep purple or vibrant pink color.


The benefits are endless with Butterfly Pea Flower (Clitoria Ternatea )

Aids in improving Eyesight, Supports Hair Growth, May Improve Skin, A Natural Aphrodisiac, Natural Antioxidant qualities, A Natural Nootropic, A Natural Diuretic, Naturally Anti inflammatory, A Natural Expectorant And much much more!

Find out what the hype is all about for yourself


These statements have not been evaluated",Dried Herbs (MYWUWDVIY57BRTZAMQDGIUXO),Dried Herbs (MYWUWDVIY57BRTZAMQDGIUXO),Butterfly Pea Flower | Herbalistic Wellness,"Clitoria Ternatea also known as Butterfly Pea Flower has been consumed for centuries as a memory enhancer, brain booster, anti-stress and much more. 

Known for its deep blue and sometimes purple colour when lemon is added to change the Ph levels. The Benefits of Butterfly Pea Flower (Clitoria Ternatea ) included:

 Improves Eyesight, Improves Hair Growth, Improves Skin, An Aphrodisiac, An Antioxidant, A Nootropic, A Diuretic, Analgesic, Anxiolytic, Anti inflammatory, Natural Expectorant, Anti-depressants, Anti-Diabetic, Anti- Microbial...And much more!!",,,unavailable,Physical good,0.03,,,Y,,Y,,5.50,,Y,,N,,N,,,27,,,,N
V2BFVOWNVT2BUEJVXUZVF5U6,Butterfly Pea Flower Organic Herb | Loose Leaf Whole flowers | Smart Plant | Nootropic | MEMORY Booster | Collagen Building | Eye Health,,Size: With Tea Bags-  1 fl oz,,281578C,,Dried Herbs (MYWUWDVIY57BRTZAMQDGIUXO),Dried Herbs (MYWUWDVIY57BRTZAMQDGIUXO),,,,,unavailable,Physical good,0.06,,,,,,,9.00,,Y,,,,N,,,8,,,,N
5MIYBIKQ5WF7NVLTAOPI6UKA,Butterfly Pea Flower Tincture,,Volume: 1 Fluid ounces,,7766821,"<p>Radiant beauty meets cognitive calm—the ultimate plant-powered multitasker.</p><p>Who says you can&#39;t have both beauty and brains? Derived from the vibrant, cobalt-blue blossoms of <em>Clitoria ternatea</em>, our <strong>Butterfly Pea Flower Tincture</strong> is a concentrated elixir designed to help you glow from the inside out while keeping your mind sharp and serene.</p><p><br></p><p>This remarkable botanical is famous for its exceptionally high concentration of anthocyanins—the same powerful antioxidants found in blueberries. By delivering these protective compounds in a highly bioavailable liquid format, this tincture works at a cellular level to combat everyday oxidative stress. Whether you want to support a luminous complexion, nourish your hair, or find a sense of calm focus during a hectic day, this brilliant blue flower has you covered.</p><p><br></p><p>Key Benefits</p><ul><li><strong>Glow &amp; Radiance Support:</strong> Packed with antioxidants that help maintain skin elasticity, fight signs of premature aging, and support vibrant hair.</li><li><strong>Cognitive Clarity &amp; Calm:</strong> Traditionally used as a gentle nootropic to support memory, mental focus, and a relaxed, balanced nervous system.</li><li><strong>Antioxidant Powerhouse:</strong> Neutralizes free radicals caused by pollution, stress, and everyday environmental toxins.</li><li><strong>Metabolic &amp; Vitality Backing:</strong> Supports healthy metabolic function and overall cellular longevity.</li></ul><p><br></p><p>Pure Ingredients</p><ul><li>Organic Butterfly Pea Flower (<em>Clitoria ternatea</em>)</li><li>Organic Cane Alcohol (extraction agent)</li><li>Distilled Water</li></ul><p><br></p><p>Suggested Use</p><ul><li><strong>For Daily Radiance &amp; Focus:</strong> Take 1 dropperful (approx. 30 drops) in water, tea, or your morning smoothie, 1 to 2 times daily.</li><li><em>Fun Color-Changing Hack:</em> Butterfly Pea Flower is naturally pH-sensitive! Drop this tincture into a glass of water with a squeeze of fresh lemon juice and watch the deep blue shift into a beautiful, vibrant violet.</li><li><em>Shake well before use. Store in a cool, dark place.\</em></li></ul><p><br></p><p><strong>Regulatory Note:</strong> These statements have not been evaluated by the Food and Drug Administration. This product is not intended to diagnose, treat, cure, or prevent any disease. Consult your healthcare provider before use if you are pregnant, nursing, or taking chronic medications.</p>","Tinctures (JITZDRL5WXAFTXLS5ZF5CWZT), | Bestsellers |",Tinctures (JITZDRL5WXAFTXLS5ZF5CWZT),Butterfly Pea Flower,"Radiate from the inside out. Discover our Organic Butterfly Pea Flower Tincture for antioxidant protection, radiant skin, and calm, clear focus.",,,hidden,Physical good,0.25,Butterfly Pea Flower Tincture,"Radiate from the inside out. Discover our Organic Butterfly Pea Flower Tincture for antioxidant protection, radiant skin, and calm, clear focus.",Y,N,Y,N,21.99,,N,,N,,Y,,,20,,,,Y
LYMTLXTSE2UIPLJ4274PSC4Y,Butterfly Pea Sea Moss Face Mask,,Volume: 3.4 Fluid ounces,,P283269,"Sea Moss is a famous food ingredient for its myriad of health benefits. However, did you know that it is one of the most well-kept beauty secrets to beautiful skin?

 Sea Moss contains essential minerals and vitamins that do wonders when applied on the skin. If you have been asking yourself why seaweed treatments have become common in most spas worldwide, you'll soon have a clear understanding.

Nevertheless, why use Sea Moss?
Collagen is a protein that is found in the skin and other organs and holds the body together. However, as we age, the production of this naturally occurring protein slows down drastically. Consequently, as we get older, our skin begins to wrinkle and the face becomes the first place to notice this change.

Sea Moss is an important source of plant-based collagen and  combined with Blue Butterfly Pea Flower which is rich in polyphenols, or proanthocyanidin, and flavonoids, the combination of the two was formulated to stop the harmful effects of free radi","Face & Body Mask, Oils\, Creams\, & Salves",Face & Body Mask,Butterfly Pea Sea Moss Face Mask | Herbalistic Wellness,"Sea Moss contains essential minerals and vitamins that do wonders when applied on the skin. If you have been asking yourself why seaweed treatments have become common in most spas worldwide, you'll soon have a clear understanding after using our face mask... Free Shipping Over $35 Local Delivery Available",,,visible,Physical good,0.5,,,Y,,Y,,17.50,,N,,,,Y,,,5,,,,Y
H6JKWAFYCSMD32JU4AXBAHB2,"Butterfly Pea, Lavender, & Chamomile ( Focus & Calming Energy Blend )",,3oz,,1835565,"Packed with all the benefits of the amazing Butterfly Pea Flower this Calming tea blend with leave you feeling ralaxed, clear headed, & focused. 

Great with lemon juice on a warm summer day. Make a blue or even purple lemonade your guest will rave about all summer long. 

This Butterfly Pea, Lavender, & Chamomile Calming Nootropic blend is Herbalistic Wellness 1st ever Signature Blend with many more to come, so check back often & enjoy!!


These statements have not been evaluated by the Food and Drug Administration. This product is not intended to diagnose, treat, cure, or prevent any disease.


Herbalistic Wellness is a proud supporter of the National Multiple Sclerosis Society Visit them today to donate @ www.nationalmssociety.org","Dried Herbs (7GYXS5CP73OFYX3B3MZ3WPFP), Dried Herbs (MYWUWDVIY57BRTZAMQDGIUXO)",Dried Herbs (MYWUWDVIY57BRTZAMQDGIUXO),"Butterfly Pea,Lavender, & Chamomile Signature Blend | Herbalistic Wellness","acked with all the benefits of the amazing Butterfly Pea Flower this Calming tea blend with leave you feeling ralaxed, clear headed, & focused. Experience Herbalistic Wellness Today, Shop Now",,,visible,Physical good,0.25,,,Y,,Y,,24.99,,N,,,,,Size,3oz,2,,,,Y
NWNVPSD5TJM7NLO6WSGGIMCT,"Butterfly Pea, Lavender, & Chamomile ( Focus & Calming Energy Blend )",,1.5oz,,V681357,,"Dried Herbs (7GYXS5CP73OFYX3B3MZ3WPFP), Dried Herbs (MYWUWDVIY57BRTZAMQDGIUXO)",Dried Herbs (MYWUWDVIY57BRTZAMQDGIUXO),,,,,visible,Physical good,0.19,,,,,,,13.50,,N,,,,,Size,1.5oz,3,,,,Y
S6NE5GAFG6U7ZRAFNIZHJSXY,"Butterfly Pea, Lavender, & Chamomile Calming Signature Blend | Herbalistic Wellness",,Size: 1.5 fl oz,,2016824,"Packed with all the benefits of the amazing Butterfly Pea Flower this Calming tea blend with leave you feeling ralaxed, clear headed, & focused. 

Great with lemon juice on a warm summer day. Make a blue or even purple lemonade your guest will rave about all summer long. 

This Butterfly Pea, Lavender, & Chamomile Calming Nootropic blend is Herbalistic Wellness 1st ever Signature Blend with many more to come, so check back often & enjoy!!

Show your support by getting your prettiest mug, taking a picture of your tea, and tagging use on Facebook @HerbalisticWellness, Instagram @Herbalistic.Wellness & Twitter using @Herbalistic.W ... Help us share to make others aware!!

These statements have not been evaluated by the Food and Drug Administration. This product is not intended to diagnose, treat, cure, or prevent any disease.


Herbalistic Wellness is a proud supporter of the National Multiple Sclerosis Society Visit them today to donate @ www.nationalmssoci",Dried Herbs (MYWUWDVIY57BRTZAMQDGIUXO),Dried Herbs (MYWUWDVIY57BRTZAMQDGIUXO),Butterfly Pea Chamomile and Lavender Signature Tea Blend | Herbalistic Wellness,"Calming Tea Blend with Nootropic Properties, Great Tea for focus & anxiety, naturally supports cognitive function and boost memory function...Looking for the perfect Tea for study time or when working on an important project... Try Our New Signature Focus & Calming Blend Local Delivery Available",,,unavailable,Physical good,0.19,,,Y,,Y,,13.50,,Y,,N,,N,,,4,,,,N
SFVXLQZSQLEVZM5RB2SGOLLQ,"Butterfly Pea, Lavender, & Chamomile Calming Signature Blend | Herbalistic Wellness",,Size: w|Tea Bags+Scooper-3 fl oz,,3122162,,Dried Herbs (MYWUWDVIY57BRTZAMQDGIUXO),Dried Herbs (MYWUWDVIY57BRTZAMQDGIUXO),,,,,unavailable,Physical good,0.25,,,,,,,24.99,,Y,,,,N,,,1,,,,N
46LEISSL2H6JOGM5IQ5I6WPB,Chai Herbal Blend,,2.5 oz,,C138566,"Chai Herbal Tea Blend is a delicious fragrant, spicy tea that may help boost heart health, reduce blood sugar levels, aid digestion and help with weight loss, made with a special but traditional blend of herbs.

First thing in the morning is the best time of day for your body to absorb this tea's benefits. An excellent coffee substitute, but even if you need to grab a coffee a little later, you're doing yourself a big favour if you're waking your cells every morning with chai tea polyphenols.

Chai is full of ingredients with beneficial properties, including black tea, ginger, cinnamon, cloves, cardamom, and much more. It comes in 1.5oz & .6 oz bags. 

Do yourself a favor and do your research on chai tea... then and only then will you understand why do many today have incorporated Chai into there daily herbal regimen.",Dried Herbs (7GYXS5CP73OFYX3B3MZ3WPFP),,Chai Herbal Blend | Herbalistic Wellness,"Chai Herbal Tea Blend is a delicious fragrant, spicy tea that may help boost heart health, reduce blood sugar levels, aid digestion and help with weight loss, made with a special but traditional blend of herbs. Available in our herb shop and packed full of ingredients with beneficial properties, including black tea, ginger, cinnamon, cloves, cardamom, and much more. It comes in 1.5oz & .6 oz bags. Visit the herb shop now!",,,unavailable,Physical good,0.09,,,Y,N,Y,N,14.99,11.99,Y,,N,,N,Herbs,2.5 oz,9,,,,N
A4GFAF2G7GB2YVM7YVSH6F5J,Chai Herbal Blend,,1.8 oz,,R335053,,Dried Herbs (7GYXS5CP73OFYX3B3MZ3WPFP),,,,,,unavailable,Physical good,0.09,,,,,,,5.75,4.60,Y,,,,N,Herbs,1.8 oz,11,,,,N
7PSXTWUOWA5FMQDSBXRHO5VE,Chamomile Dried Flowers,,Size: 1.5 fl oz,,3731742,"<p>Chamomile flowers provide many benefits to our bodies inside and out...weather used in a DIY salve, tea, Infusion, or tincture many natural benefits can be obtained from this versatile flower. <a href=""https://www.herbalisticwellness.com/s/stories/whats-the-tea-on-chamomile-2"" target=""_blank"" rel=""noreferrer noopener nofollow"">Check out &#34; What&#39;s The Tea on Chamomile? </a>to view the top ways Chamomile can be used to benefit you by Herbalist La&#39;Toya Renée. </p><p><br/></p><p>Sold in .6 oz &amp; 1.5 oz variations, packaged in all natural ecofriendly Kraft Paper Bags.</p><p><br/></p><p><br/></p>","Dried Herbs (7GYXS5CP73OFYX3B3MZ3WPFP), Dried Herbs (MYWUWDVIY57BRTZAMQDGIUXO)",Dried Herbs (MYWUWDVIY57BRTZAMQDGIUXO),Chamomile Flowers Dried | Herbalistic Wellness,"Chamomile flowers provide many benefits to our bodies inside and out...weather used in a DIY salve, Infusion, or tincture many natural benefits can be obtained from this versatile flower. Learn More at Herbalistic Wellness Shop Now upto 15% off",,,visible,Physical good,0.19,,,Y,,Y,,14.50,,N,,,,N,,,8,,,,N
TAP3SXXPFKUWAKBE7T24H6RY,Chamomile Dried Flowers,,Size: .6 fl oz,,768960S,,"Dried Herbs (7GYXS5CP73OFYX3B3MZ3WPFP), Dried Herbs (MYWUWDVIY57BRTZAMQDGIUXO)",Dried Herbs (MYWUWDVIY57BRTZAMQDGIUXO),,,,,visible,Physical good,0.03,,,,,,,5.50,,N,,,,N,,,16,,,,N
VDEXBNQYQVFKAZATZD6F3JSJ,Chamomile Tincture,,,,37,"At Herbalistic Wellness, we are excited to offer you our chamomile tincture, a natural herbal preparation that can assist in promoting wellness and balance within your body

Chamomile has been used for centuries for its soothing and calming effects. Our chamomile tincture is made using the highest quality chamomile flowers, harvested at their peak to ensure maximum potency. The technical name for our chamomile tincture is Matricaria chamomilla, which is widely recognized for its therapeutic properties

Assessing your needs and educating you on the benefits of our chamomile tincture is a top priority for us. As an herbalist/herbal educator, we suggest incorporating our chamomile tincture into your herbal plan to support and nurture your overall well-being

Our chamomile tincture can ease discomfort associated with occasional stress or discomfort, promote restful sleep, and support digestive health. It is a gentle yet effective way to ease an imbalance in your body and help you feel your best

As a valued client, we encourage you to consult with a healthcare professional before using our chamomile tincture or any other natural herbal preparation. Herbalistic Wellness strives to provide you with the highest quality natural products aimed at supporting your wellness goals

FDA disclaimer: These statements have not been evaluated by the Food and Drug Administration. This product is not intended to diagnose, treat, cure, or prevent any disease.",Tinctures (JITZDRL5WXAFTXLS5ZF5CWZT),Tinctures (JITZDRL5WXAFTXLS5ZF5CWZT),,,,,unavailable,Physical good,,,,Y,,Y,,10.99,,Y,,N,,Y,,,0,,,,N
X4XPXYJ4QUUUID6YA3T3JIKG,Chamomile Tincture,,Volume: 1 Fluid ounces,,S918512,"Chamomile is an herb that comes from a flowering plant from the daisy family. Both the fresh and dried flowers of chamomile have been used to create teas for centuries to cure a number of health problems. The active ingredient in chamomile essential oil is known as bisabolol, which has a number of anti-irritant, anti-inflammatory, and anti-microbial properties.

What is a Tincture?
An herbal tincture is simply an herbal extract.  Herbal remedies have been used throughout history to treat illnesses and ailments without ""modern medicine"" and pharmaceuticals.  Tinctures are easy to make, home remedies.  If properly prepared and stored, your tincture will last indefinitely.

Chamomile can be used for Sleep and Treats Insomnia. Boosts Immunity. Treats Cold. Reduces Muscle Spasms and Period Pain. Soothes Stomach Ache. Treats Cuts, Wound and Skin Conditions. Reduces Stress. Lightens Skin.

These statements have not been evaluated by the Food and Drug Administration. This product is",Tinctures (JITZDRL5WXAFTXLS5ZF5CWZT),Tinctures (JITZDRL5WXAFTXLS5ZF5CWZT),Chamomile Tincture | Herbalistic Wellness,"Shop Herbalistic Wellness Chamomile,  it can be used for Sleep and to ease Insomnia. Boosts Immunity. Treats Cold. Reduces Muscle Spasms and Period Pain. Soothes Stomach Ache. Treats Cuts, Wound and Skin Conditions. Reduces Stress. Lightens Skin and so much more. Visit the Shop to learn more today.",,,visible,Physical good,0.25,,,Y,,Y,,16.89,,N,,,,Y,,,10,,,,N
TCEHO3YSX2DOOIYXLSKWVRH3,Charlie Glass & Stainless Steel Iced Tea Carafe,,,,C718038,"<p>Hot weather is no reason to forego having great tea in style.  This carafe is here to make the whole thing easy!  Just pop in your favorite tea leaves, add some strawberries, mint leaves, or whatever else your creative mind comes up with, and let time do its magic!  When your cold brew is done, you can serve it right out of the carafe - the genius lid filter will sift out everything but the liquid.  Brew it in the fridge or in the sun!<br/></p><ul><li>1.5 liter capacity</li><li>Made of glass and stainless steel</li><li>Fits in most refrigerator doors</li><li>Has a rubber seal to keep beverages fresh</li><li>Lid includes filter</li><li>Great for making tea in the sun</li></ul>Holds 1.5 litersGlass &amp; stainless steelHas a rubber seal to keep beverages freshFits in most refrigerator doorsLid includes filter<p></p><p>Disclaimer: Shipping cost to Hawaii and Alaska is $15.</p>",,,,,,,unavailable,Physical good,,,,Y,,Y,,46.87,,Y,,N,,Y,,,0,,,,N
CZZCW3A4SSAELUAPND3NS4X5,Charlie Iridescent Glass Iced Tea Carafe,,,,571399V,"<p>Hot weather is no reason to forego having great tea in style.  This carafe is here to make the whole thing easy!  Just pop in your favorite tea leaves, add some strawberries, mint leaves, or whatever else your creative mind comes up with, and let time do its magic!  When your cold brew is done, you can serve it right out of the carafe - the genius lid filter will sift out everything but the liquid.  Brew it in the fridge or in the sun!<br/></p><ul><li>1.5 liter capacity</li><li>Beautiful iridescent finish with rose gold lid</li><li>Made of glass and stainless steel</li><li>Fits in most refrigerator doors</li><li>Has a rubber seal to keep beverages fresh</li><li>Lid includes filter</li><li>Great for making tea in the sun</li></ul>Holds 1.5 litersGlass &amp; stainless steel lidHas a rubber seal to keep beverages freshFits in most refrigerator doorsLid includes filter<p></p><p>Disclaimer: Shipping cost to Hawaii and Alaska is $15.</p>",,,,,,,unavailable,Physical good,,,,Y,,Y,,48.17,,Y,,N,,Y,,,0,,,,N
IGGZATJSUOTTAWK5XA4Y4GPG,Chickweed Calendula & Lavender Ezcema Cream,,Regular,,132939Q,"This soothing ezcema cream was formulated with you in mind. Calms the itching, redness, & dry flaking skin that often accompanies Ezcema, Psoriasis, and many other bothersome skin conditions. 

Chickweed is often used topically to alleviate itching secondary to insect bites. It is often applied as a cream several times daily to rashes and inflammatory skin conditions, such as eczema, to ease itching and inflammation.

Calendula flower has antifungal, anti-inflammatory, and antibacterial properties that may make it useful in healing wounds, soothing eczema, and relieving diaper rash. It's also used as an antiseptic.

Lavender has antifungal properties and reduces inflammation, it can help keep eczema at bay. Lavender can also be made into an oil that can also be used to treat psoriasis. The lavender oil is known to help cleanse your skin and lessen redness and irritation.

This combination infused with mother nature's best antifungal Tea Trea make this cream a powerhouse","Oils\, Creams\, & Salves, Salves (ERBBNDUQKHHXFAC4DQQP6EZ4)",Salves (ERBBNDUQKHHXFAC4DQQP6EZ4),Chickweed Calendula and Lavender Ezcema Ease Cream,"This soothing ezcema cream was formulated with you in mind. Calms the itching, redness, & dry flaking skin that often accompanies Ezcema, Psoriasis, and many other bothersome skin conditions. FREE SHIPPING OVER $35 LOCAL DELIVERY AVAILABLE",,,visible,Physical good,0.9,,,Y,N,Y,N,18.89,,N,,N,,Y,,,21,,,,Y
AVU37KEOTDJ7IPQZPQXF55FD,Chickweed Premium Organic Herb,,Size: 1 fl oz,,N009085,"Chickweed has been used in ancient folk medicine recorded as far back as the 16th century when it was often used to treat wounds, a skin condition called psoriasis, rabies, itching, plus muscle and joint pain. Over time, it was embraced as a ""blood cleanser"" and sometimes used to treat asthma, constipation, menstrual pain, peptic ulcers, rabies, respiratory illnesses, obesity, and scurvy, vitamin c deficiency, among other common and uncommon conditions.. The leaf is used to make medicine.

When applied topically in DIY infusions, chickweed is believed to treat the following skin conditions:

Burns

Contact dermatitis

Diaper rash

Eczema

Insect bites

Itchy skin

Psoriasis

Rashes

Wounds

Splinters


Chickweed is sometimes applied directly to the skin for many skin problems. 

It is also used in foods, chickweed is eaten in salads or served as cooked green in certain culture","Dried Herbs (7GYXS5CP73OFYX3B3MZ3WPFP), Dried Herbs (MYWUWDVIY57BRTZAMQDGIUXO)",Dried Herbs (MYWUWDVIY57BRTZAMQDGIUXO),Chickweed | Herbalistic Wellness,"Chickweed has long been used in ancient ancestral remedies to treat wounds, a skin condition called psoriasis, rabies, itching, plus much more. Shop Now & Get Inspired By Nature Free Shipping Over $35 Local Delivery Available",,,visible,Physical good,0.06,,,Y,,Y,,10.75,,N,,N,,N,,,10,,,,N
W66FW5AXJFX3FZUUDIIQWTYM,Chickweed Premium Organic Herb,,Size: .5 fl oz,,S269915,,"Dried Herbs (7GYXS5CP73OFYX3B3MZ3WPFP), Dried Herbs (MYWUWDVIY57BRTZAMQDGIUXO)",Dried Herbs (MYWUWDVIY57BRTZAMQDGIUXO),,,,,visible,Physical good,0.03,,,,,,,5.75,,N,,,,N,,,11,,,,N
TGHCVSERSUFLRDAZKOXE5CTN,Comfrey Oil,,1oz,,9868816,"Comfrey is well known for its amazingly benefits. This oil is beneficial to all skin types; it helps to moisturise and soothe dry irritated skin, promotes rapid skin-cell growth, contributes to skin renewal, protects against bacteria and other microorganisms, reduces inflammation and helps to keep skin healthy. 

Comfrey is applied to the skin for ulcers, wounds, muscle soreness, bruises, rheumatoid arthritis, varicose veins, gout, and even fractures.

Comfrey Oil is also a great moisturizer for Ezcema and Psoriasis. When pair with our Chickweed Lavender and Calendula Ezcema Salve the two have been known to work wonders for easing symptoms when used consistently. 

These statements have not been evaluated by the Food and Drug Administration. This product is not intended to diagnose, treat, cure, or prevent any disease.


Herbalistic Wellness is a proud supporter of the National Multiple Sclerosis Society Visit them today to donate @ www.nationalmssociety.org","Herbal Infused Oils (DXZSPU4M3C4C3KYLR7ZMTCV3), Oils\, Creams\, & Salves",Herbal Infused Oils (DXZSPU4M3C4C3KYLR7ZMTCV3),Comfrey Oil | Herbalistic Wellness,"Comfrey is well known for its amazingly benefits. This oil is beneficial to all skin types. It helps to moisturise and soothe dry irritated skin, promotes rapid skin-cell growth, contributes to skin renewal, protects against bacteria and other microorganisms, while reducing inflammation and helping to keep skin healthy. Comfrey may applied to the skin for ulcers, wounds, muscle soreness, bruises, rheumatoid arthritis, varicose veins, gout, and even fractures. FREE SHIPPING OVER $35 Local Delivery Available",,,visible,Physical good,0.19,,,Y,N,Y,N,18.99,,N,,N,,N,,,10,,,,N
BS5U5O7PEUB6KMVAABCAXB25,Comfrey Oil,,2oz,,7037225,,"Herbal Infused Oils (DXZSPU4M3C4C3KYLR7ZMTCV3), Oils\, Creams\, & Salves",Herbal Infused Oils (DXZSPU4M3C4C3KYLR7ZMTCV3),,,,,visible,Physical good,0.31,,,,,,,29.99,,N,,,,N,,,13,,,,N
AWTJA5XV7SL64F6AUER6MISW,Comfrey Root,,Regular,,H070823,"Did you know that comfrey can use as a poultice for sprains, arthritis, pain, and bruising. You can make your own DIY Ointment, Salve , or oil to makr a typical form of delivery that best suits you needs especially when you don't want to walk around with a bandage of leaves sticking to your skin all day, then you can make comfrey oil. Rub it onto the same injuries as a massage oil but avoid putting it on broken skin or wounds. Why choose comfrey? Comfrey roots and leaves contain allantoin, a substance that helps new skin cells grow, along with other substances that reduce inflammation and keep skin healthy. Comfrey ointments have been used to heal bruises as well as pulled muscles and ligaments, fractures, sprains, strains, and osteoarthritis but is typical not recommended to use as a tea or internally so make sure to do your own research when formulating your own personal DIY products & remedies.","Dried Herbs (7GYXS5CP73OFYX3B3MZ3WPFP), Dried Herbs (MYWUWDVIY57BRTZAMQDGIUXO)",Dried Herbs (MYWUWDVIY57BRTZAMQDGIUXO),Comfrey Root | Herbalistic Wellness,"Did you know that comfrey can be used as a poultice for sprains, arthritis, pain, and bruising. Make your own DIY ointment, salve , or oil to make a topical form of delivery that best suits you needs.",,,visible,Physical good,0.13,,,Y,,Y,,13.99,,N,,,,Y,,,6,,,,Y
7OGMF6GGKZZY554JGTKKZRYH,Dandelion Root,,Size: 2 oz,,L544321,"Dandelions roots and even stems help fight diabetes. Are you wondering how? Well it's, because they stimulate the pancreas to produce insulin, which in turn stabilizes the blood sugar level.
If you have digestive problems or you need to get rid of toxins, then dandelion tea may be exactly what your naturopathic doctor prescribes as a herbal remedy. The liver produces bile in the digestive system and also filters blood from chemicals and other impurities. According to Dr. Ax, vitamins and minerals found in this plant help to cleanse and maintain the liver.

 Also rich in antioxidants and vitamin C, which help the body fight infections such as bacteria that cause urinary tract infection. Many people have said that if you start to drink dandelion tea every day – you can defeat this health issue.

 In addition to being high in fiber and vitamin c, it reduces the risk of obesity, heart disease and irritable bowel syndrome and is also high in vitamin A – one cup contains 100% of your daily","Dried Herbs (7GYXS5CP73OFYX3B3MZ3WPFP), Dried Herbs (MYWUWDVIY57BRTZAMQDGIUXO)",Dried Herbs (MYWUWDVIY57BRTZAMQDGIUXO),Dandelion Root | Herbalistic Wellness,"Shop Herbalistic Wellness Dandelion Root. Dandelion is a source of fibres and vitamins A, C, K, E, folate and small amounts of other B vitamins. It provides minerals like iron, calcium, magnesium and potassium. Dandelions are full of antioxidants. Antioxidants are molecules that help neutralize or prevent the negative effects of free radicals in your body. In addition, antioxidant capabilities can prevent aging and certain diseases. Learn more today at Herbalistic Wellness now.",,,visible,Physical good,0.19,,,Y,,Y,,13.50,,N,,,,Y,,,3,,,,Y
GEFEVVAD245KITK3YKYFR4VD,Echinacea Purpurea,,1oz,,E947305,"Echinacea Purpurea has been used for centuries to shorten the duration of the common cold and flu, reduce symptoms such as sore throat (pharyngitis), cough, and fever, and can even be used as a remedy for strep throat when taken in the early stages of the condition. This herb is absolutely amazing, trust me do your own research!!

Herbalists world wide also recommend echinacea to help boost the immune system and help the body fight infections and virus of many types.



These statements have not been evaluated by the Food and Drug Administration. This product is not intended to diagnose, treat, cure, or prevent any disease.


Herbalistic Wellness is a proud supporter of the National Multiple Sclerosis Society Visit them today to donate @ www.nationalmssociety.org","Dried Herbs (7GYXS5CP73OFYX3B3MZ3WPFP), Dried Herbs (MYWUWDVIY57BRTZAMQDGIUXO)",Dried Herbs (MYWUWDVIY57BRTZAMQDGIUXO),Echinacea Purpurea | Herbalistic Wellness,"Echinacea Purpurea has been used for centuries to shorten the duration of the common cold and flu, reduce symptoms such as sore throat (pharyngitis), cough, and fever. FREE SHIPPING OVER $35 Local Delivery Available",,,visible,Physical good,0.19,,,Y,N,Y,N,10.00,,N,,N,,Y,Size,1oz,5,,,,Y
ZANSBZHMYGHQDJW5XGLMBAHB,Echinacea Tincture,,Volume: 1 Fluid ounces,Ounce 1.000,508097L,"<p>Fortify your body’s natural defenses, one drop at a time.</p><p>When seasonal transitions or everyday stressors test your physical resilience, give your body the plant-powered backing it deserves. Our<strong> Echinacea Tincture</strong> is a concentrated, bioavailable liquid extract crafted from responsibly sourced <em>Echinacea purpurea</em>. By capturing the active compounds of the aerial parts of the plant, we deliver a potent, full-spectrum formula designed to keep your vitality high and your system balanced.</p><p><br></p><p>Unlike synthetic alternatives, this traditional liquid extract absorbs quickly, offering immediate support to your immune system when you need it most. Keep it in your wellness cabinet, your travel bag, or at your desk for reliable, year-round herbal defense.</p><p><br></p><p>- Key Benefits</p><ul><li><strong>Immune System Shield:</strong> Actively supports and strengthens your body’s natural immune response.</li><li><strong>Seasonal Resilience:</strong> Perfect for daily maintenance during seasonal changes or times of environmental stress.</li><li><strong>Rapid Absorption:</strong> The liquid tincture format ensures fast assimilation and optimal bioavailability compared to dry capsules.</li><li><strong>Antioxidant Powerhouse:</strong> Packed with naturally occurring phytochemicals that help fight free radicals and support cellular health.</li></ul><p>- Pure Ingredients</p><ul><li>Organic <em>Echinacea purpurea</em> (Herb)</li><li>Organic 100% Grain Alcohol (extraction agent)</li></ul><p><br></p><p>- Suggested Use</p><ul><li><strong>For Daily Maintenance:</strong> Take 1 to 2 dropperfuls (approx. 30–60 drops) in a small amount of water or juice, 1 to 2 times daily.</li><li><strong>For Active Support:</strong> Take 2 dropperfuls every few hours for up to 5 days, or as directed by your holistic practitioner.</li><li><em>Shake well before use. Store in a cool, dark place.</em></li></ul><p><br></p><p><strong>Regulatory Note:</strong> These statements have not been evaluated by the Food and Drug Administration. This product is not intended to diagnose, treat, cure, or prevent any disease. Consult your healthcare provider before use if you are pregnant, nursing, taking medications, or have an autoimmune condition.</p>",Tinctures (JITZDRL5WXAFTXLS5ZF5CWZT),Tinctures (JITZDRL5WXAFTXLS5ZF5CWZT),Echinacea Tincture for Immune Support,Fortify your seasonal wellness with our organic echinacea tincture. High-potency liquid herbal extract to support your body’s natural defenses.,,,visible,Physical good,0.5,,,Y,N,N,N,18.00,,N,,N,,Y,,,30,,,,Y
J6JLZLPZVBSQEBTV37X3UNHT,Echinacea Tincture,,,,17,"Welcome to a powerful ally for your wellness journey. My handcrafted <b>Echinacea Tincture</b> is a time-honored remedy, revered for its ability to support a robust immune system and provide balance to the body. As your herbalist, I’ve personally selected and prepared this botanical to bring you a gentle yet effective solution. Echinacea has been used for centuries to support immune system function, and my tincture is a convenient way to integrate this ancient wisdom into your daily routine. This is more than a supplement; it&#39;s a supportive ritual designed to help you feel your best, especially when your body needs extra care.

Please note that while our herbal preparations are a valuable tool for promoting overall wellness, they are not intended to replace medical treatment for any condition. As with any new supplement, we suggest consulting with a healthcare provider before use

FDA Disclaimer: This statement has not been evaluated by the Food and Drug Administration. This product is not intended to diagnose, treat, cure, or prevent any disease.","Categories, Tinctures (JITZDRL5WXAFTXLS5ZF5CWZT)",Categories,,,,,unavailable,Physical good,,,,Y,,Y,,10.99,,Y,,N,,Y,,,28,,,,N
ZVB2AKVKB76LMBYUZX3FBF22,Elderberry,,Size: 2oz,,4584455,"Elderberry is probably the most well-known antiviral herb on the market today. It can assist in reducing inflammation in the sinuses to relieve congestion, eliminate metabolic waste products, stimulate sweating to remediate fevers, and reduce flu and cold symptoms. 

Elderberries contain shikimic acid, an intermediary in the production of Tamiflu, an anti-flu pharmaceutical. Point blank elderberries also contain this valuable substance. Isn't that great, go Elderberry!

Phenolic compounds in plants are secondary metabolites. They play key roles in the protection against pathogens, saline stress, heavy metal stress, UVA and UVB radiation. Antioxidants, terpenoids, and alkaloids/glucosinolates are 3 of the principal kinds of secondary metabolites synthesized in plants. 
Elderberries also contain a variety of polyphenols. Polyphenols are a class of flavonoids, AKA antioxidants. In plants, polyphenols role is to give fruits and veggies their color, contribute to bitter taste, astringency,","Dried Herbs (7GYXS5CP73OFYX3B3MZ3WPFP), Dried Herbs (MYWUWDVIY57BRTZAMQDGIUXO)",Dried Herbs (MYWUWDVIY57BRTZAMQDGIUXO),Elderberry Premium Whole Dried  Herbalistic Wellness,"Shop Elderberries from Herbalistis Wellness. Elderberry is probably the most well-known antiviral herbs in the world.  It can assist in reducing inflammation in the sinuses to relieve congestion, eliminate metabolic waste products, stimulate sweating to remediate fevers, and reduce flu and cold symptoms. Visit the shop today to learn more. Local Delivery Available",,,visible,Physical good,0.5,,,Y,,Y,,10.00,,N,,,,Y,,,4,,,,Y
WZEMMMULK7YZPOB4RF6PA35M,Elderberry Tincture,,1oz,,V900910,"<p>Nature’s ultimate seasonal defender, concentrated for daily resilience.</p><p>When your system needs an extra layer of protection against environmental stressors, look no further than the deep purple power of the European Black Elderberry (<em>Sambucus nigra</em>). Our<strong> Elderberry Tincture</strong> delivers the concentrated wellness of this time-tested botanical in a travel-friendly, fast-acting liquid format.</p><p><br></p><p>Elderberries are celebrated for their exceptionally high concentration of anthocyanins and vitamin C, making them an absolute powerhouse for neutralizing free radicals and reinforcing cellular health. Instead of sugary syrups, our clean tincture format offers a pure, potent extract that assimilates quickly into your system. It is the perfect daily ritual to keep your immune defenses robust and your body thriving through every changing season.</p><p><br></p><p>Key Benefits</p><ul><li><strong>Year-Round Immune Backing:</strong> Provides targeted nourishment to support and strengthen your body’s natural immune response.</li><li><strong>Antioxidant Powerhouse:</strong> Packed with dark berry flavonoids that combat everyday oxidative stress and support cellular longevity.</li><li><strong>Upper Respiratory Support:</strong> Helps maintain healthy respiratory function, keeping you feeling clear and vibrant during seasonal transitions.</li><li><strong>Pure &amp; Sugar-Free:</strong> All the defensive benefits of fresh elderberries without the added sugars, artificial thickeners, or preservatives found in commercial syrups.</li></ul><p><br></p><p>Pure Ingredients</p><ul><li>Organic Black Elderberry (<em>Sambucus nigra</em>) fruit</li><li>Organic Cane Alcohol (extraction agent)</li></ul><p><br></p><p>Suggested Use</p><ul><li><strong>For Daily Maintenance:</strong> Take 1 dropperful (approx. 30 drops) in water or juice, 1 to 2 times daily.</li><li><strong>For Extra Seasonal Support:</strong> Take 1 to 2 dropperfuls up to 4 times daily, or as recommended by your holistic health professional.</li><li><em>Shake well before use. Store in a cool, dark place.</em><br></li></ul><p><strong>Regulatory Note:</strong> These statements have not been evaluated by the Food and Drug Administration. This product is not intended to diagnose, treat, cure, or prevent any disease. Consult your healthcare provider before use if you are pregnant, nursing, or taking regular medications.</p>",Tinctures (JITZDRL5WXAFTXLS5ZF5CWZT),Tinctures (JITZDRL5WXAFTXLS5ZF5CWZT),Elderberry Tincture | Seasonal Immune Defense,"Strengthen your natural defenses with our Organic Elderberry Tincture. Fast-absorbing, antioxidant-rich liquid extract for year-round immune support.",,,hidden,Physical good,0.19,,,Y,N,N,N,16.00,,N,,N,,N,,,30,,,,Y
6RP3DHEZ2SGNO4MBRPW5Y5EN,Eucalyptus Mint Bath Scrub,,Volume: 8 Fluid ounces,,310629W,"Eucalyptus and Spearmint Body Scrub 

Eucalyptus and mint play together really well for creating a relaxing scent which makes this essential oil blend perfect for a body scrub. 

Eucalyptus: is an awesome decongestant. It is also an anti-inflammatory and an analgesic making it amazing for reddened skin and sore muscles. And on top of all that, eucalyptus is a natural antiseptic that is filled with antifungal, antiviral, and antibacterial properties making it highly effective in helping promote healthy skin.

Spearmint: is gentler than the popular peppermint making this mint oil perfect for skin products. Spearmint essential oil has a very relaxing aroma that will help wake you up. Topically it is great for sore muscles and promoting overall skin health.


These statements have not been evaluated by the Food and Drug Administration. This product is not intended to diagnose, treat, cure, or prevent any disease.


Herbalistic Wellness is a proud support","Bath Scrub (DIL6TXSRKAQCTTCPIU5MDXPG), Body Scrubs",Bath Scrub (DIL6TXSRKAQCTTCPIU5MDXPG),Eucalyptus Mint Body Scrub | Herbalistic Wellness,Eucalyptus and mint play together really well for creating a relaxing scent which makes this essential oil blend perfect for a herbal Infused decongestant body scrub for those stuffy nights. LOCAL DELIVERY AVAILABLE,,,visible,Physical good,2,,,Y,,Y,,16.75,,N,,,,Y,,,2,,,,N
4VABRMQTYBXFYUKSN57VH2D5,Eucalyptus Mint Body Butter,,Volume: 8 Fluid ounces,,C595089,"Eucalyptus Mint Body Butter

Eucalyptus and mint play together really well for creating a relaxing scent which makes this essential oil blend perfect for a Body Butter or Scrub. Eucalyptus and Spearmint essential oils are used for soothing and refreshing qualities, as well as the respiratory clearing qualities in the eucalyptus.

Eucalyptus: is an awesome decongestant. It is also an anti-inflammatory and an analgesic making it amazing for reddened skin and sore muscles. And on top of all that, eucalyptus is a natural antiseptic that is filled with anti-fungal, antiviral, and antibacterial properties making it highly effective in helping promote healthy skin.

Spearmint: is gentler than the popular peppermint making this mint oil perfect for skin products. Spearmint essential oil has a very relaxing aroma that will help wake you up. Topically it is great for sore muscles and promoting overall skin health.

These statements have not been evaluated by the Food and Drug Adm","Body Butter (NZQPHPQAHSK6TINNNAVUJJMR), Body Butter (OYK5P6UIJLMXDPBGQ6QYYLKL), Body Butter > Bath Scrub > Body Butter (GVG7GF5OP7L2LJPK3DVMV7DA)",Body Butter (NZQPHPQAHSK6TINNNAVUJJMR),Eucalyptus Mint Body Butter | Herbalistic Wellness,"Eucalyptus and mint play together really well for creating a relaxing scent which makes this essential oil blend perfect for a Body Butter or Scrub. Eucalyptus and Spearmint essential oils are used for soothing and refreshing qualities, as well as the respiratory clearing qualities in the eucalyptus. Local Delivery Available",,,visible,Physical good,1,,,Y,,Y,N,19.99,,N,,,,Y,,,24,,,,Y
KKBCSG5MGH2FLCX5G4Y4RCD7,Eucalyptus Mint Body Butter,,,,15,"Indulge in the refreshing and nourishing Eucalyptus Mint Body Butter by Herbalistic Wellness. This luxurious body butter is crafted with a unique blend of natural ingredients that work together to support and nurture your skin's overall wellness.This herbal preparation includes a technical name that makes it a potent choice for your daily skincare routine. The natural balance of eucalyptus and mint oils in this body butter provides essential nutrients to your skin, soothes inflammation, and promotes healthy cellular growth

Our Eucalyptus Mint Body Butter is carefully crafted by our expert herbalist and herbal educator. We prioritize your skin needs by offering only natural, organic ingredients and providing you with the best products to help ease and support any skin imbalance.

The Eucalyptus Mint Body Butter is perfect for anyone looking for a luxurious, nourishing skincare experience. Use it to hydrate dry skin, soothe irritation, and promote healthy skin growth. Our body butter helps to nurture and promotes skin wellness to keep you feeling and looking your best!

FDA Disclaimer: These statements have not been evaluated by the FDA. This product is not intended to diagnose, treat, cure, or prevent any disease.",Body Butter (OGYE3MV5K7KL3KRFLVZGTW2U),Body Butter (OGYE3MV5K7KL3KRFLVZGTW2U),,,,,unavailable,Physical good,,,,Y,,Y,,12.49,,Y,,N,,Y,,,30,,,,N
E7BNGXX3DA3MVBQJ5L5A56Y5,Frankincense & Myrrh Body Butter,,,,25,"Introducing our Frankincense & Myrrh body butter, the perfect addition to your daily wellness routine. This herbal preparation is designed to support and nurture your skin, promoting balance and ease in your body. Our body butter is made with only the highest quality natural ingredients, including shea butter, coconut oil, and essential oils of frankincense and myrrh. These ingredients work together to deeply moisturize and nourish your skin, leaving it feeling soft and supple

Frankincense has been used for centuries to promote wellness and balance in the body, while myrrh has been revered for its ability to soothe and protect the skin. When combined in our body butter, these two powerful herbs work synergistically to create a truly transformative experience

As herbalists and herbal educators, we believe in empowering our clients to take control of their health and wellness. That's why we suggest incorporating our Frankincense & Myrrh body butter into your daily herbal plan. It's a simple but effective way to support your body on a daily basis

Please note that our product is not intended to diagnose, examine, prescribe, remedy, heal, treat, cure, or prevent any disease. As with any herbal preparation, we suggest that you assess your individual needs and educate yourself on the benefits and risks before use.

FDA Disclaimer: These statements have not been evaluated by the Food and Drug Administration. This product is not intended to diagnose, treat, cure, or prevent any disease.","Body Butter (OGYE3MV5K7KL3KRFLVZGTW2U), | Bestsellers |",| Bestsellers |,,,,,unavailable,Physical good,,,,Y,,Y,,12.49,,Y,,N,,Y,,,30,,,,N
JMFHVZLYPBERZ2JOEYDGUON7,"Frankincense & Myrrh Body Butter, Holiday Bestseller, Body Cream, Lotion, Herbal Infused Body Moisturizer",,Volume: 8 Fluid ounces,,9119369,"The most UNIQUE and AMAZING SMELLING  fragrance is Frankincense & Myrrh, in our option. Frankincense & Myrrh are derived from the gummy sap that oozes out of the Boswellia and Commiphora trees, when their bark is cut. ... They are also extremely fragrant, particularly when burned, but definitely in this amazing all natural vegan body Butter also with frankincense giving off a sweet, citrusy scent and myrrh producing a piney, bitter odor the combination is to die for. 

Frankincense will naturally soothe and reduce inflammation and can also help prevent ance forming thanks to the boswellic acids it contains which are capable of killing bacteria associated with acne. 

Myrrh oil on your skin may aid wound healing and fight microbes that can cause infections. The oil may also deter the growth of skin fungi, including ringworm and athlete's foot. 

Did you know the biblical Magi, also referred to as the Wise Men or Kings, were – in the Gospel of Matthew and in Christian tradition – d","Body Butter (NZQPHPQAHSK6TINNNAVUJJMR), Body Butter (OYK5P6UIJLMXDPBGQ6QYYLKL), Body Butter > Bath Scrub > Body Butter (GVG7GF5OP7L2LJPK3DVMV7DA)",Body Butter (NZQPHPQAHSK6TINNNAVUJJMR),Frankincense and Myrrh Body Butter | Herbalistic Wellness,"The most UNIQUE and AMAZING SMELLING  fragrance is Frankincense & Myrrh, this amazing all natural vegan body Butter also with frankincense giving off a sweet, citrusy scent and myrrh producing a piney, bitter odor the combination is to die for. Shop Now, Let Nature Inspire You... Created By Herbalist La'Toya Renee' Free Shipping Over $35 Local Delivery Available",,,visible,Physical good,1,,,Y,,Y,N,19.99,,N,,,,Y,,,16,,,,N
HXHDW7JXBV627HINS3VBSU44,Frankincense and Myrrh Bath Salt Scrub,,Regular,,605817J,"The most UNIQUE and AMAZING SMELLING body scrub  fragrance is Frankincense & Myrrh, in our option. Frankincense & Myrrh are derived from the gummy sap that oozes out of the Boswellia and Commiphora trees, when their bark is cut. ... They are also extremely fragrant, particularly when burned, but definitely in this amazing all natural vegan body Butter also with frankincense giving off a sweet, citrusy scent and myrrh producing a piney, bitter odor the combination is to die for. 

Frankincense and Myrrh Bath Salt Scrub will naturally soothe and reduce inflammation while helping to prevent ance from forming thanks to the boswellic acids it contains which are capable of killing bacteria associated with acne. 

The added benefit of Myrrh oil on your skin may aid wound healing and fight microbes that can cause infections. The oil may also deter the growth of skin fungi, including ringworm and athlete's foot. 

 Try our Frankincense & Myrrh Body Butter, you won't be disappointed!!","Bath Scrub (QXJZ7NY5ZNKQSRR27WBYI5WR), Body Scrubs",Bath Scrub (QXJZ7NY5ZNKQSRR27WBYI5WR),Frankincense and Myrrh Bath Salt Scrub | Herbalistic Wellness,Frankincense and Myrrh Bath Salt Scrub will naturally soothe and reduce inflammation while helping to prevent ance from forming thanks to the boswellic acids it contains which are capable of killing bacteria associated with acne. Local Delivery Available,,,visible,Physical good,2,,,Y,,Y,,16.50,,N,,,,Y,,,4,,,,N
KAXBUAQUSQXPMG53IQPNC5QG,Ginger & Grapefruit Body Butter,,Volume: 8 Fluid ounces,,M944302,"Ginger & Grapefruit Body Butter is a wonderful addition to any body regimen. The light but fragrant citrus smell well awaken the senses. Infused with Ginger Root and the benefits of Grapefruit, this butter naturally helps prevent free radical damage: Ginger contains 40 anti-oxidant elements, which means you have a whole army at your disposal fighting free radical damage that prematurely ages your skin, improving blood circulation, promoting collagen production, increasing elasticity, and evening out skin tone. 

The Grapefruit was chosen because it is also contains the anyi-oxidant Beta Carotene, it transforms dull, dehydrated complexions and leaves your skin beautifully radiant. Grapefruit also contains Lycopene which is known to reduce redness and inflammation of the skin, helping to even out skin tone for a smooth complexion.


These statements have not been evaluated by the Food and Drug Administration. This product is not intended to diagnose, treat, cure, or prevent any disease.","Body Butter (NZQPHPQAHSK6TINNNAVUJJMR), Body Butter (OYK5P6UIJLMXDPBGQ6QYYLKL), Body Butter > Bath Scrub > Body Butter (GVG7GF5OP7L2LJPK3DVMV7DA)",Body Butter (NZQPHPQAHSK6TINNNAVUJJMR),Ginger & Grapefruit Body Butter,"Ginger & Grapefruit Body Butter is a wonderful addition to any body regimen. The light but fragrant citrus smell well awaken the senses. Infused with Ginger Root and the benefits of Grapefruit, this butter naturally helps prevent free radical damage: Ginger contains 40 anti-oxidant elements...",,,visible,Physical good,1,,,Y,,Y,N,19.99,,N,,,,Y,,,21,,,,Y
ZLXKTWUG6SGO2PECF7Y66YAQ,Ginger & Grapefruit Body Butter,,,,26,"Ginger and Grapefruit Body Butter: A Luxurious Delight for Your Skin!

Pamper your skin with the indulgent fusion of Ginger and Grapefruit in our exquisite Body Butter. Immerse yourself in a sensory experience like no other as the invigorating aroma of zesty grapefruit and warm ginger envelops your senses.

Our premium Body Butter is carefully crafted using nourishing ingredients to deeply moisturize and hydrate your skin. The combination of ginger's soothing properties and grapefruit's refreshing benefits creates a harmonious blend that leaves your skin feeling silky smooth and revitalized.

Experience the luxurious texture as the body butter melts into your skin, providing a velvety softness and a radiant glow. Whether you're looking to soothe dryness, improve skin elasticity, or simply indulge in a moment of self-care, our Ginger and Grapefruit Body Butter is the perfect choice.

For more information on the herbs and herbal preparations featured in our products, visit our ""What's The Tea? Blog"" on our website. Explore the world of natural remedies, wellness tips, and herbal knowledge shared by our experts.

Please note: This product is not intended to diagnose, treat, cure, or prevent any disease. FDA disclaimer: This statement has not been evaluated by the Food and Drug Administration.","Body Butter (OGYE3MV5K7KL3KRFLVZGTW2U), | Bestsellers |",| Bestsellers |,,,,,unavailable,Physical good,,,,Y,,Y,,12.49,,Y,,N,,Y,,,33,,,,N
RSST2T634CLHJST5LFWLSY6H,Ginger & Grapefruit Peel Powder Bath Scrub,,Volume: 8 Fluid ounces,,350496D,"Ginger & Grapefruit Peel Powder Body Scrub has anti-ageing benefits, reduces blemishes and acne soothes burns and blisters, promotes radiant skin and also tones skin.

Grapefruit is rich in the anti-oxidant Beta Carotene, it transforms dull, dehydrated complexions and leaves your skin beautifully radiant. Grapefruit also contains Lycopene which is known to reduce redness and inflammation of the skin, helping to even out skin tone.
 Grapefruit peel has a natural enzyme called bromelain which helps remove old layers of dead skin cells, replace new healthy skin cells, and also acts a the perfect skin toner.




These statements have not been evaluated by the Food and Drug Administration. This product is not intended to diagnose, treat, cure, or prevent any disease.


Herbalistic Wellness is a proud supporter of the National Multiple Sclerosis Society Visit them today to donate @ www.nationalmssociety.org","Bath Scrub (DIL6TXSRKAQCTTCPIU5MDXPG), Body Scrubs",Bath Scrub (DIL6TXSRKAQCTTCPIU5MDXPG),Ginger & Grapefruit Bath Scrub | Herbalistic Wellness,"Ginger & Grapefruit Peel Powder Body Scrub has anti-ageing benefits, reduces blemishes and acne soothes burns and blisters, promotes radiant skin and also tones skin.
Grapefruit is rich in the anti-oxidant Beta Carotene, it transforms dull, dehydrated complexions and leaves your skin beautifully radiant. FREE SHIPPING OVER $35 LOCAL DELIVERY AVAILABLE",,,visible,Physical good,2,,,Y,,Y,,16.75,,N,,,,Y,,,2,,,,Y
Q3FBRPMG3XVYDTAVDBQ6CPVL,Ginger Tincture,,1oz,,8483379,"<p>Ignite your inner warmth and restore natural digestive harmony.</p><p>Bring the fiery, revitalizing power of fresh ginger root into your daily wellness routine. Our <strong>Ginger Tincture</strong> is a highly concentrated liquid extract made from premium <em>Zingiber officinale</em> rhizomes. Prized for centuries across traditional global herbalism, ginger is renowned for its ability to spark healthy digestion, diffuse occasional stomach tension, and fill the body with a comforting, vitalizing warmth.</p><p><br></p><p>Rich in active, pungent compounds called gingerols and shogaols, this tincture provides immediate, fast-acting support wherever you go. Whether you need a post-meal digestive aid to ease occasional bloating or a reliable travel companion for a bumpy road trip, this pocket-sized extract delivers the pure essence of ginger without the need for brewing tea or peeling roots.</p><p><br></p><p>Key Benefits</p><ul><li><strong>Optimal Digestive Support:</strong> Soothes the digestive tract, encouraging smooth, comfortable digestion and helping to ease occasional gas or bloating.</li><li><strong>The Ultimate Travel Companion:</strong> Helps maintain stomach comfort and eases occasional nausea or motion uneasiness during flights, boat rides, or road trips.</li><li><strong>Stimulates Healthy Circulation:</strong> Promotes vital, healthy blood flow and delivers a comforting, warming sensation throughout the body.</li><li><strong>Daily Metabolic &amp; Immune Backing:</strong> Packed with antioxidant properties that support metabolic vitality and fortify your body&#39;s natural defenses.</li></ul><p><br></p><p>Pure Ingredients</p><ul><li>Organic Ginger (<em>Zingiber officinale</em>) rhizome</li><li>Organic Cane Alcohol (extraction agent)</li></ul><p><br></p><p>Suggested Use</p><ul><li><strong>For Post-Meal Comfort:</strong> Take 1 dropperful (approx. 30 drops) in a small glass of warm water or tea after heavy meals, up to 3 times daily.</li><li><strong>For Travel &amp; Motion Support:</strong> Take 1 dropperful 30 minutes before boarding or embarking on travel.</li><li><em>Shake well before use. Store in a cool, dark place.</em></li></ul><p><br></p><p><strong>Regulatory Note:</strong> These statements have not been evaluated by the Food and Drug Administration. This product is not intended to diagnose, treat, cure, or prevent any disease. Consult your healthcare provider before use if you are pregnant, nursing, taking medications (especially blood thinners), or have a history of gallstones.</p>","Tinctures (JITZDRL5WXAFTXLS5ZF5CWZT), Tinctures (NC2W6DE22TUUBZSOPWT3O7JU)",Tinctures (JITZDRL5WXAFTXLS5ZF5CWZT),,"Soothe your stomach and boost circulation with our Organic Ginger Tincture. A potent, fast-acting 1 oz liquid extract for daily digestive wellness.",,,visible,Physical good,0.19,,"Soothe your stomach and boost circulation with our Organic Ginger Tincture. A potent, fast-acting 1 oz liquid extract for daily digestive wellness.",Y,N,N,N,18.00,,N,,N,,N,,,30,,,,Y
3CLWBIFW36RKJQDRXLNNDWN7,Gotu Kola,,1.5oz,,359223A,"Gotu kola over the centuries have been believed to have antimicrobial, antidiabetic, anti-inflammatory, antidepressant, and memory-enhancing properties. Some traditional uses of gotu kola by many herbalist include: Healing wounds Varicose Veins Boost Cognitive Function Relieving Diarrhea Boosting Energy Levels Reducing anxiety Enhancing Sexual Potency Treating Venereal Diseases Treating Skin Fiseases Treating Menstrual Disorders Slowing Leprosy Progression Prolonging Life Use with caution: Gotu Kola's calming effect may be amplified when taking sedatives or alcohol. Avoid taking gotu kola with Ambien (zolpidem), Ativan (lorazepam), Donnatal (phenobarbital), Klonopin (clonazepam), or other sedatives as this can lead to extreme drowsiness. **Always speak with your physician before starting an herbal regimen. These statements have not been evaluated by the Food and Drug Administration. This product is not intended to diagnose, treat, cure, or prevent any disease. Herbalistic Wellness is a proud supporter of the National Multiple Sclerosis Society Visit them today to donate @ www.nationalmssociety.org","Dried Herbs (7GYXS5CP73OFYX3B3MZ3WPFP), Dried Herbs (MYWUWDVIY57BRTZAMQDGIUXO)",Dried Herbs (MYWUWDVIY57BRTZAMQDGIUXO),Gotu Kola,"Gotu kola  Loose Leaf Premium Herb Herbalistic Wellness Used over the centuries, have been believed by Herbalist to have antimicrobial, antidiabetic, anti-inflammatory, antidepressant, and memory-enhancing properties. Local Delivery Available",,,visible,Physical good,0.19,,,Y,,N,,14.32,,N,,,,,Oz,1.5oz,1,,,,N
7QA3GYSOOOO74QYZ42KOZ3BQ,Gotu Kola,,.5oz,,8299415,,"Dried Herbs (7GYXS5CP73OFYX3B3MZ3WPFP), Dried Herbs (MYWUWDVIY57BRTZAMQDGIUXO)",Dried Herbs (MYWUWDVIY57BRTZAMQDGIUXO),,,,,visible,Physical good,0.19,,,,,,,7.95,,N,,,,,Oz,.5oz,9,,,,N
AZU2PDWBXOIG5VVFZ6TTWP2X,Harvest Spice | Limited Edition Seasonal Harvest Butter,,"Volume: 8 Fluid ounces, Scent: Harvest Spice",,589030B,"SEASONAL LIMITED EDITION SCENTS 
INTRODUCING THE NEW Harvest Spice Body Butter!!!

These holiday favorites come to life with the scent of fresh sweet cream pumpkin, complimented with nuances of nutmeg, cinnamon, clove, and ginger; rounded out with buttery vanilla notes. Every season these body butters become a BESTSELLER.

With memories of laughter in the air, and the smells coming from the kitchen, dominating our thoughts. When it comes to Thanksgiving or just the holiday season in general we all have special and fond memories, whether it is of a special guest, the origin of a family tradition, or a particular reason to be thankful.

And last but definitely not least according to a study at the Monell Institute in Philadelphia, the smell of tge seasons harvest like pumpkins increases the arousal level in men by 40%. Yes... 40%, so maybe our mothers, grandmothers, & aunts intuitively knew this to be a true as they filled our homes with the scrumptious aroma of Pumpkin Pie.","Body Butter (NZQPHPQAHSK6TINNNAVUJJMR), Body Butter (OYK5P6UIJLMXDPBGQ6QYYLKL)",Body Butter (NZQPHPQAHSK6TINNNAVUJJMR),"Harvest Spice, Pumpkin Pie Body Butter | Herbalistic Wellness","SEASONAL LIMITED EDITION Harvest Spice Body Butter!!!

This holiday favorite comes to life with the scent of fresh nuances of nutmeg, cinnamon, clove, and ginger spice and everything nice.. rounded out with buttery vanilla notes. Every season this body butter becomes a BESTSELLER.

With memories of laughter in the air, and the smells coming from the kitchen, dominating our thoughts. When it comes to Thanksgiving or just the holiday season in general we all have special and fond memories, whether it is of a special guest, the origin of a family tradition, or a particular reason to be thankful.

And lastly but definitely not least did you know that according to a study at the Monell Institute in Philadelphia, the smell of Pumpkin Pie increases the arousal level in men by 40%. Yes... 40%, so maybe our mothers, grandmothers, & aunties intuitively knew this to be  true as they filled our homes with the scrumptious aroma of Pumpkin Pie. 

This Seasons LIMITED EDITION Seasonal fragrances will only be available threw the holiday season WHILE SUPPLIES LAST ( Check Back Often For Our Christmas Season Specials )",,,visible,Physical good,2,,,Y,,Y,N,19.99,,N,,,,N,,,24,,,,Y
RHKU6RZAO7ZSIM7F2SFWLAGK,Harvest Spice | Limited Edition Seasonal Harvest Butter,,"Volume: 8 Fluid ounces, Scent: Pumpkin Pie",,L520036,,"Body Butter (NZQPHPQAHSK6TINNNAVUJJMR), Body Butter (OYK5P6UIJLMXDPBGQ6QYYLKL)",Body Butter (NZQPHPQAHSK6TINNNAVUJJMR),,,,,visible,Physical good,2,,,,,,,19.99,,N,,,,N,,,24,,,,Y
MPAPXYJLDWNOUWMBEJWR4CJB,Herbal Remedies Journal - Black Edition,,Black Edition,,845513T,"This book was created by Herbalist La'Toya Renee, owner of Herbalistic Wellness. Designed for the entry level home Herbalist in you.

Created to provide a safe space to document your handmade natural medicines, cures, and remedies. Healing yourself is the greatest comeback and having your very own herbal remedies journal to pass down to family and friends gives you the opportunity to share and to make others aware of the healing benefits of plants and herbs while building your own arsenal of herbal recipes.

So go ahead let mother nature inspire you. This book will serve as your personal herbal bible / journal to document ancient wisdom in modern times with your own personal flare. The ancestors passed there knowledge down simply by word of mouth in ancient times.
Now Herbalistic Wellness Herbal Remedies Journal is here!! Three Editions Available, the same in very way - 295 pages - with 3 Cover Variations to choose from!","Herbal Remedies Journals, | Bestsellers |",| Bestsellers |,Herbal Remedies Journal Black Edition | Herbalistic Wellness,"A safe space to document your handmade natural medicines, cures, and remedies. Healing yourself is the greatest comeback and having your very own herbal remedies journal to pass down to family and friends gives you the opportunity to share and to make others aware of the healing benefits of plants and herbs while building your own arsenal of herbal recipes. The ancestors passed there knowledge down simply by word of mouth in ancient times. Now Herbalistic Wellness Herbal Remedies Journal is here!! Purple Edition - 45 pages",,,visible,Physical good,2,,,Y,N,Y,N,33.97,,N,,N,,Y,,,15,,,,N
EMAIRIKPEGA33TNA7F7YWKFN,Herbal Remedies Journal - Brown Edition,,Brown Edition,,D892283,"This book was created by Herbalist La'Toya Renee, owner of Herbalistic Wellness. Designed for the entry level home Herbalist in you.

Created to provide a safe space to document your handmade natural medicines, cures, and remedies. Healing yourself is the greatest comeback and having your very own herbal remedies journal to pass down to family and friends gives you the opportunity to share and to make others aware of the healing benefits of plants and herbs while building your own arsenal of herbal recipes.

So go ahead let mother nature inspire you. This book will serve as your personal herbal bible / journal to document ancient wisdom in modern times with your own personal flare. The ancestors passed there knowledge down simply by word of mouth in ancient times.
Now Herbalistic Wellness Herbal Remedies Journal is here!! Three Editions Available, the same in very way - 295 pages - with 3 Cover Variations to choose from!","Herbal Remedies Journals, | Bestsellers |",| Bestsellers |,Herbal Remedies Journal Brown Edition | Herbalistic Wellness,"A safe space to document your handmade natural medicines, cures, and remedies. Healing yourself is the greatest comeback and having your very own herbal remedies journal to pass down to family and friends gives you the opportunity to share and to make others aware of the healing benefits of plants and herbs while building your own arsenal of herbal recipes. The ancestors passed there knowledge down simply by word of mouth in ancient times. Now Herbalistic Wellness Herbal Remedies Journal is here!! Purple Edition - 45 pages",,,visible,Physical good,2,,,Y,N,Y,N,14.99,,N,,N,,Y,,,20,,,,N
E6PKRX4PJXA6XS7AOS73KVY6,Herbal Remedies Journal - Purple Edition,,Purple Edition,,6843738,"This book was created by Herbalist La'Toya Renee, owner of Herbalistic Wellness. Designed for the entry level home Herbalist in you.

Created to provide a safe space to document your handmade natural medicines, cures, and remedies. Healing yourself is the greatest comeback and having your very own herbal remedies journal to pass down to family and friends gives you the opportunity to share and to make others aware of the healing benefits of plants and herbs while building your own arsenal of herbal recipes.

So go ahead let mother nature inspire you. This book will serve as your personal herbal bible / journal to document ancient wisdom in modern times with your own personal flare. The ancestors passed there knowledge down simply by word of mouth in ancient times.
Now Herbalistic Wellness Herbal Remedies Journal is here!! Three Editions Available, the same in very way - 295 pages - with 3 Cover Variations to choose from!","Herbal Remedies Journals, | Bestsellers |",| Bestsellers |,Herbal Remedies Journal Purple Edition | Herbalistic Wellness,"A safe space to document your handmade natural medicines, cures, and remedies. Healing yourself is the greatest comeback and having your very own herbal remedies journal to pass down to family and friends gives you the opportunity to share and to make others aware of the healing benefits of plants and herbs while building your own arsenal of herbal recipes. The ancestors passed there knowledge down simply by word of mouth in ancient times. Now Herbalistic Wellness Herbal Remedies Journal is here!! Purple Edition - 45 pages",,,visible,Physical good,2,,,Y,N,Y,N,14.99,,N,,N,,Y,,,15,,,,Y
IIR3NHRTMZHASZ6M247RYIUI,Herbie Ayurvedic Sleep Infusion,,Regular,,J420570,"Our line of New Herbie Ayurvedic Infusions aims to combine the ancient wisdom of herbs to educate, nature, ease, & support promoting balance between the mind, body and spirit elements.

 These unique tea blends are meant to re align imbalances & bring you back into a healthy vibration within the world around us. 

Ayurveda teaches us that there are three types of sleep deficiencies. Each relates to one of the three doshas, or what we consider our mind-body types: Vata, Kapha and Pitta.

-Vata dosha relates most directly to one's mental state, a Vata sleep disorder commonly presents itself in a restless mind, creating an inability to fall into a deep sleep, which can be counteracted with soothing lavender.

-Kapha dosha typically effect one's ability to recover from sleep; often times leaving one feeling lethargic and groggy after a full night's rest, which is best counteracted with chamomile.

 -Pitta dosha are more emotional in nature, but tend to present themselves biologically while interrupting sleep with symptoms that may include hot flashes, which can be avoided with the use of cooling gotu kola.

So make sure to do your own research on Ayurveda. 

This unique blend contains Organic chamomile flower, organic gotu kola leaf, organic orange peel, organic lavender flower, organic cinnamon bark, organic valerian root powder, organic licorice root and organic cardamom seed.

Perfect for the Herbie looking for a natural alternative. 




These statements have not been evaluated by the FDA. This product is not intended to diagnose, treat, cure or prevent any disease. Consult your physician before taking any dietary supplements if you are pregnant or nursing, if you have a medical condition, or are taking medication. Keep out of reach of children","Dried Herbs (7GYXS5CP73OFYX3B3MZ3WPFP), Dried Herbs (MYWUWDVIY57BRTZAMQDGIUXO), Dried Herbs > Herbie Signature Blends (HNC7APUXGQOF52OZPHV2XA5N)",Dried Herbs (MYWUWDVIY57BRTZAMQDGIUXO),Herbie Ayurvedic Sleep Infusion | Herbalistic Wellness,"Our line of New Herbie Ayurvedic Infusions aims to combine the ancient wisdom of herbs to educate, nature, ease, & support promoting balance between the mind, body and spirit elements. These unique tea blends are meant to re align imbalances & bring you back into a healthy vibration within the world around us. Shop Now Limited Time 15% off",,,visible,Physical good,,,,Y,,Y,,14.99,,N,,,,Y,,,10,,,,Y
ZLQ4FGHUOEQFWUMF6VP3WELY,Herbie Detox Blend,,2.3oz,,S815220,"Herbie Detox Blend contains a combination of licorice and complementing spices like organic licorice root, organic rooibos, organic ginger, and organic cardamom. Formulated for whole body detox. 

Did you know that historically, licorice root has been used for internal cleansing of the blood and intestinal tract, and is regarded as an important herb for treating kidney and respiratory ailments. 

Formulated for whole body detox, this blend is a sweet licorice brew with a hint of cardamom (may help lower blood pressure, most likely due to its antioxidant and diuretic properties ) and a kick of ginger ( which has the highest concentration of gingerol and can be beneficial to your health when it comes to fighting infections and stopping bacterial growth). Rounded off with Rooibos ( loved for its high antioxidant properties as well as for its lack of caffeine )


Always consult with your physician before starting any herbal regimen containing ginger.

Our line of New Herbie Ayurvedic Infusions aims to combine the ancient wisdom of herbs to educate, nature, ease, & support promoting balance between the mind, body and spirit elements.

 These unique tea blends are meant to re align imbalances & bring you back into a healthy vibration within the world around us. So make sure to do your own research on Ayurveda. 


Perfect for the Herbie looking for a natural alternative. 




These statements have not been evaluated by the FDA. This product is not intended to diagnose, treat, cure or prevent any disease. Consult your physician before taking any dietary supplements if you are pregnant or nursing, if you have a medical condition, or are taking medication. Keep out of reach of children","Dried Herbs (7GYXS5CP73OFYX3B3MZ3WPFP), Dried Herbs (MYWUWDVIY57BRTZAMQDGIUXO), Dried Herbs > Herbie Signature Blends (HNC7APUXGQOF52OZPHV2XA5N)",Dried Herbs (MYWUWDVIY57BRTZAMQDGIUXO),Herbie Detox Blend,"Herbie Detox Blend contains a combination of licorice and complementing spices like organic licorice root, organic rooibos, organic ginger, and organic cardamom. Formulated for whole body detox. Did you know that historically, licorice root has been used for internal cleansing of the blood and intestinal tract, and is regarded as an important herb for treating kidney and respiratory ailments.  Learn More Visit The Shop Today!",,,visible,Physical good,0.19,,,Y,N,N,N,12.50,,N,,N,,Y,,,18,,,,N
EUHNDDX5JTYH24PXZEER37ON,Herbie Fatigue Blend,,Regular,,403430F,"<p>Herbie Fatigue Blend contains a blend of Organic Lemon Balm, Maca Root, &amp; Chamomile.</p><p><br/></p><p>Formulated to assist with all types of fatigue. What is fatigue? An imbalance that has a number of influences, including on one&#39;s habits, emotional state and physiology. In order to boost energy, one must not simply focus on ingesting substances that artificially boost energy, which most often can cause a sudden crash later. Turn your focus to balancing the three doshas and fatigue.</p><p><br/></p><ul><li><strong>Mental fatigue is associated with an imbalance in Vata dosha</strong></li><li><strong>Emotional fatigue is caused by an imbalance in Pitta dosha, </strong></li><li><strong>Physical fatigue is caused by an imbalance in Kapha dosha</strong>.</li></ul><p><br/></p><p>Ama, or impurities caused by improperly-digested food, is a major cause of all three types of fatigue. What Is Ama? Simply put... Ingested food ( or emotions ) turn into Ama, which is toxic, sticky, cloudy, smelly, substance that can spread from the gastrointestinal tract to other parts of the body. Ama or improper digestion is responsible for 90% of all diseases.</p><p><br/></p><p>The special blend of ingredients in our Herbies Fatigue Blend can aid in tackling the <em>Vata </em>related challenges of fatigue, as well as the more <em>Pitta l</em>ike emotional setbacks, like holding onto unresolved trauma in your personal relationships. On a <em>Kapha </em>focused physical level, Maca Root is known to improve fatigue by increasing energy, endurance, &amp; performance. Combined with lemon balm which directly assist with adrenal fatigue &amp; chamomile which reduces mental fatigue. This blend is the perfect for the ease &amp; management of your fatigue naturally.</p><p><br/></p><p>Our line of New Herbie Ayurvedic Infusions aims to combine the ancient wisdom of herbs to educate, nature, ease, &amp; support promoting balance between the mind, body and spirit elements.</p><p><br/></p><p> These unique tea blends are meant to re align imbalances &amp; bring you back into a healthy vibration within the world around us. </p><p><br/></p><p>So make sure to do your own research on Ayurveda. </p><p><br/></p><p><br/></p><p>Perfect for the Herbie looking for a natural alternative. </p><p><br/></p><p><br/></p><p><br/></p><p><br/></p><p>These statements have not been evaluated by the FDA. This product is not intended to diagnose, treat, cure or prevent any disease. Consult your physician before taking any dietary supplements if you are pregnant or nursing, if you have a medical condition, or are taking medication. Keep out of reach of children</p>","Dried Herbs (7GYXS5CP73OFYX3B3MZ3WPFP), Dried Herbs > Herbie Signature Blends (HNC7APUXGQOF52OZPHV2XA5N)",,Herbie Fatigue Blend | Herbalistic Wellness,"Our line of New Herbie Ayurvedic Infusions aims to combine the ancient wisdom of herbs to educate, nature, ease, & support promoting balance between the mind, body and spirit elements. These unique tea blends are meant to re align imbalances & bring you back into a healthy vibration within the world around us. This unique blend contains Organic Lemon Balm, Maca Root, and Chamomile. Visit Us Today To Learn More!",,,unavailable,Physical good,0.19,,,Y,,Y,,12.50,10.00,Y,,N,,Y,,,9,,,,N
CVFOLB7ZTW74XRIMHZCETMIX,Herbie Organic Rejuvenating Bath Tea or Sachet,,,,W861844,"This rejuvenating bath tea is sure to get you back in the groove and feeling great. An uplifting combination of aromatic herbs will leave you feeling alive in body and spirit long after the bath is over. Uplifting scent makes a great sachet as well. Ingredients and benefits: Calamus Root Powder- Rejuvenates brain and nervous system Lemon Peel- Citrus scent treats depression Jasmine Flowers- Reduces irritation and pain Oatstraw- Restores nervous system Pink Rose Petals- Induces sweet dreams and increases concentration Tea can be steeped in the 4x6 muslin it comes in or, for an extra decadent bath, herbs can be poured straight into bath. A bath strainer is recommended for this option and can be purchased for $2. Send me a personal message and I'll create a listing for you! Shop Info: We believe that your skin is just as vital as any other organ in your body. At Herbalistic Wellness we like to say, ""Don't put anything on your body that you wouldn't put in it."" So, on that note, all of our products are completely edible. They may not be so tasty, however, but everything we use are non- toxic premium food grade ingredients. Can you say that about the products you're currently using? Other Info: Organic Completely cruelty free No sulfites, phthalates or parabens…ever No synthetic dyes or fragrances Completely all natural and safe Zero waste company Packaging upcycled when possible Everything is made with love <3 ***This product has not been approved by the FDA though the individual ingredients have. This is not intended to replace the advice of a physician nor is it intended to treat, cure or prevent any disease.",,,,,,,unavailable,Physical good,,,,Y,,Y,,14.99,,Y,,N,,Y,,,382,,,,N
CS7KQKFD77BC5UTUYRWJMR77,Herbie Organic Relaxation Bath Tea or Sachet,,,,6061405,"This ultra calming bath tea is sure to calm your body and mind and send you into a state of unparalleled relaxation. An intoxicating mix of aromatic herbs known for their calming effects take away the stress of the day and let you unwind. Ingredients and benefits: Organic Chamomile- Relaxes and induces deep sleep Organic Lavender- Treats insomnia, nervousness and anxiety Organic Neem- Promotes restful sleep Organic Nettle- Reduces pain and a mild sedative Organic Oatstraw- Restores nervous system Organic Pink Rose Petals- Sedative, induces sweet dreams * Powdered Cow's or Goat's milk may be added as well, adding to the relaxation as warm milk before bed does. Include in message and I'd be happy to add it. Tea can be steeped in 4x6 muslin bag it comes in or poured directly into bath for extra decadence. A bath strainer is recommended for this option and may be purchased for $2. Message and I'll create the listing. Shop Info: We believe that your skin is just as vital as any other organ in your body. Here at Butter Me Up Organics we like to say, ""Don't put anything on your body that you wouldn't put in it."" So, on that note, all of our products are completely edible. They may not be so tasty, however, but everything we use are non- toxic premium food grade ingredients. Can you say that about the products you're currently using? Other Info: Organic Completely cruelty free No sulfites, phthalates or parabens…ever No synthetic dyes or fragrances Completely all natural and safe Zero waste company Packaging upcycled when possible Everything is made with love <3",,,,,,,unavailable,Physical good,,,,Y,,Y,,13.99,,Y,,N,,Y,,,0,,,,N
22U3NK7I7AXA45NNLK4IPGXY,Herbie Slim Blend,,2 oz,,206423W,"<p>Herbie Slim Blend contains a blend of Organic Tulsi Leaf, Organic Rooibos Herb, Organic Gymnema Sylvestre Leaf, Organic Cinnamon Bark, Organic Turmeric Root Pieces, Organic Haritaki Herb and Organic Hibiscus Flower.</p><p><br/></p><p>Formulated to assist in weight management, an imbalance that has a number of influences, including one&#39;s habits, emotional state and physiology. In order to promote weight loss, one must not simply focus on improving the physique but also the psyche by directly appeasing imbalances in the three <em>doshas</em>, or mind-body types: <em>Vata</em>, <em>Pitta</em> and <em>Kapha</em>.</p><p><br/></p><p>The special blend of ingredients in our Herbies Slim Blend can aid in tackling the <em>Vata</em>-related mental challenges of cravings and concentration, as well as the more <em>Pitta</em>-like emotional setbacks, like motivation. On a <em>Kapha</em>-focused physical level, tulsi and rooibos are known to improve digestion and strengthen metabolism. Combined with heart-healthy hibiscus, pancreas-purifying gymnema sylvestre, fat-metabolizing turmeric root and tummy-cleansing haritaki, this blend is the perfect weight </p><p>management supplement.</p><p><br/></p><p>Our line of New Herbie Ayurvedic Blends aims to combine the ancient wisdom of herbs to educate, nature, ease, &amp; support promoting balance between the mind, body and spirit elements.</p><p><br/></p><p>These unique tea blends are meant to re align imbalances &amp; bring you back into a healthy vibration within the world around us. </p><p><br/></p><p>So make sure to do your own research on Ayurveda.</p><p><br/></p><p>Perfect for the Herbie looking for a natural alternative. </p><p><br/></p><p><br/></p><p><br/></p><p><br/></p><p>These statements have not been evaluated by the FDA. This product is not intended to diagnose, treat, cure or prevent any disease. Consult your physician before taking any dietary supplements if you are pregnant or nursing, if you have a medical condition, or are taking medication. Keep out of reach of children</p>","Dried Herbs (7GYXS5CP73OFYX3B3MZ3WPFP), Dried Herbs > Herbie Signature Blends (HNC7APUXGQOF52OZPHV2XA5N)",,Herbie Slim Blend,"Herbie Slim Blend Contains a blend of Organic Tulsi Leaf, Organic Rooibos Herb, Organic Gymnema Sylvestre Leaf, Organic Cinnamon Bark, Organic Turmeric Root Pieces, Organic Haritaki Herb and Organic Hibiscus Flower. Formulated to assist in weight management. Learn More, Visit The Herb Shop Today!",,,unavailable,Physical good,0.19,,,Y,,Y,,12.50,10.00,Y,,N,,Y,Herb Size,2 oz,19,,,,N
WXKSTUURVX5DKR4MD6FGWXNF,Hibiscus Leaf,,1oz,,H652717,"HIBISCUS LEAF Helps boost your immune system and may also help to prevent cell damage caused by free radicals in the body. 

This can reduce your risk of developing many serious health coditions such as heart disease, diabetes, and cancer.  

Also did you know that Hibiscus increases moisture in the skin when used topically. It has the ability to tighten up your skin and make the connective tissues firmer and that is the very reason it's used in many Skincare products today. 

So make a delicious Infusion to reap the benefits of this beautifully amazing plant or make your own DIY face mask and Let Mother Nature Inspire You 😉⠀
⠀


These statements have not been evaluated by the Food and Drug Administration. This product is not intended to diagnose, treat, cure, or prevent any disease.


Herbalistic Wellness is a proud supporter of the National Multiple Sclerosis Society Visit them today to donate @ www.nationalmssociety.org","Dried Herbs (7GYXS5CP73OFYX3B3MZ3WPFP), Dried Herbs (MYWUWDVIY57BRTZAMQDGIUXO)",Dried Herbs (MYWUWDVIY57BRTZAMQDGIUXO),Hibiscus Leaf Tea | Herbalistic Wellness,"HIBISCUS LEAF Helps boost your immune system and may also help to prevent cell damage caused by free radicals in the body. 
This can reduce your risk of developing many serious health coditions such as heart disease, diabetes, and cancer.  Visit US today to learn more!! FREE Shipping Over $35 Local Delivery Available",,,visible,Physical good,0.19,,,Y,N,Y,N,9.50,,N,,N,,Y,Size,1oz,3,,,,Y
X2KNPDLHYP3LKQ7Q2KRZAPNA,Lavender Body Butter,,Volume: 8 Fluid ounces,,V191121,"Lavender Body Butter not only boosts potent anti-inflammatory properties, but is also ultra soothing for skin with a therapeutic calming scent.

Lavender Essential Oil is not only relaxing it's known to moisturize skin, but is also antibacterial and can kill bacteria that penetrate pores. Layering with our Lavender Body Scrub, Body Spray, and Body Oil will give you a long lasting aroma that will have you receiving compliments all day along.

Shea Butter has high concentrations of fatty acids and vitamins make shea butter an ideal cosmetic ingredient for softening skin. Shea butter also has anti-inflammatory and healing properties. Using shea butter on your body, especially your face, can condition, tone, and soothe your skin

Jojoba oil has anti-inflammatory properties which help to tame chaffing and chapping, reduce redness caused by drying, ease the effects of eczema and rosacea, and keep skin calm and comfortable. The Vitamin E and B-complex vitamins in the Jojoba oil help in","Body Butter (NZQPHPQAHSK6TINNNAVUJJMR), Body Butter (OYK5P6UIJLMXDPBGQ6QYYLKL)",Body Butter (NZQPHPQAHSK6TINNNAVUJJMR),Lavender Body Butter | Herbalistic Wellness,"Lavender Body Butter ultra soothing for skin with a therapeutic calming scent. Lavender Essential Oil is not only relaxing it's known to moisturize skin, but also can kill bacteria that penetrate pores. Layering with our Lavender Body Scrub, Body Butter, and Body Oil will give you a long lasting aroma that will have you receiving compliments all day along. FREE SHIPPING OVER $35 LOCAL DELIVERY AVAILABLE",,,visible,Physical good,1,,,Y,,Y,N,19.99,,N,,,,Y,,,23,,,,Y
XDBHOG3IJKHTQEDVUNNYY4LZ,"Lavender Body Scrub, Calming Bath Scrub, Anxiety Calming Bath Scrub, Herbal Infused Ezcema Bath Scrub",,Size: 8oz,,811663R,"Lavender Body Scrub is the great end to a long stressful day, with a warm bath it not only boosts potent anti-inflammatory properties, but is also ultra soothing for your skin with a therapeutically calming scent that relaxes the mind and soothes the spirit not only the skin.

Just like our Lavender Body Butter and the rest of our products it is well known to moisturize skin, but is also antibacterial and can kill bacteria that penetrates pores.

Layering with our Lavender Body Butter will give you a long lasting aroma that will have your partner cozying up to you all nite long just to get lost in your anxiety calming fragrance 

Avocado oil contains a high percentage of Vitamin E, as well as potassium, lecithin, and many other nutrients which can nourish and moisturize your skin. The oleic acid also promotes collagen production, which helps grow new skin. This accelerates the healing process, helping with issues like sunburn.

Sunflower oil is rich in Vitamin A and Vit","Bath Scrub (DIL6TXSRKAQCTTCPIU5MDXPG), Body Scrubs",Bath Scrub (DIL6TXSRKAQCTTCPIU5MDXPG),Lavender Bath Salt Scrub | Herbalistic Wellness,"Lavender Body Scrub is the great end to a long stressful day, with a warm bath it not only boosts potent anti-inflammatory properties, but is also ultra soothing for your skin.  Pairs well with our Lavender Body Butter Free Shipping Over $35 Local Delivery Available",,,visible,Physical good,2,,,Y,,Y,,16.75,,N,,,,Y,,,3,,,,Y
GQMBXR4F6IGDD5ORXGL2YEYK,Lavender Flowers,,Size: .5 fl oz,,9047421,"SOLD WITH 100% ALL NATURAL UNBLEACHED WOOD PULP FILTER TEA BAGS 

There is no herb more common than Lavender Flowers... They are amazingly fragrant... and full of flavor...but what you really want to know are ...What Are Possible Health Benefits of Lavender?

Lavender has many benefits. Here are a few ti get you started: 

May Help Improve Sleep

Could Help Treat Skin Blemishes

May Offer a Natural Remedy for pain 

Reduce Blood Pressure and Heart Rate

Could Relieve Mild Asthma Symptoms

Lessens Menopausal Hot Flashes

Help Combat Fungus Growth when used in a foot bath 

Potentially Promotes Hair Growth


The fragrance from the oils of the lavender plant is believed to help promote calmness and wellness. It’s also said to help reduce stress, anxiety, and possibly even mild pain

Many herbalist recommend Lavender for people suffering from insomnia or other sleep disorders. People stuffe","Dried Herbs (7GYXS5CP73OFYX3B3MZ3WPFP), Dried Herbs (MYWUWDVIY57BRTZAMQDGIUXO)",Dried Herbs (MYWUWDVIY57BRTZAMQDGIUXO),Lavender Flowers | Herbalistic Wellness,There is no herb more common than Lavender Flowers... They are amazingly fragrant... and full of flavor. Many herbalist recommend Lavender for people suffering from insomnia or other sleep disorders. People stuffed their pillows with lavender flowers to help them fall asleep and get a better night’s rest. Visit Us To Learn More Today! Upto 15% off Free Shipping Over $35 Local Delivery Available,,,visible,Physical good,0.19,,,Y,,Y,,5.00,,N,,,,N,,,14,,,,Y
BKDQFYFXB47ZONGBWZ2OYT2V,Lavender Flowers,,Size: 1.5 fl oz,,D113574,,"Dried Herbs (7GYXS5CP73OFYX3B3MZ3WPFP), Dried Herbs (MYWUWDVIY57BRTZAMQDGIUXO)",Dried Herbs (MYWUWDVIY57BRTZAMQDGIUXO),,,,,visible,Physical good,0.19,,,,,,,14.00,,N,,,,N,,,5,,,,Y
M3R5DOAP5QMSSDWO23AZOXVK,"Lavender Milk & Honey Bath Soak,  Milk Bath, Milk bath Powder, Herbal Infused Bath, Ezcema, Psoriasis, Sensitive Skin Soak",,Size: 8 fl oz,,R134968,"A Herbalistic Wellness Lavender Oatmeal & Honey milk bath leaves your skin feeling soft and supple. The fat and protein in the milk provide this immediate benefit in your bathwater. The milk also helps exfoliate the skin for additional softness. The lactic acid in milk helps clean, soften, and removes dead skin cells helping the milk to hydrates the skin, preventing dryness.


Many adults and children experience uncomfortable skin irritations such as eczema. A milk bath may help soothe some of the irritation of eczema and other skin conditions. Make sure to check with your health-care provider before trying home remedies for a medical skin condition.


The soothing feeling of the milk in the water combined with the essential oils of lavender & vanilla, collidial oatmeal, and the honey powder creates an overall relaxed, comfortable feeling. Taking a milk bath at the end of the day can help you improve your skin while the lavender helps to reduce the stress of your day. Try to create an overall relaxing environment by dimming the lights, using candles and playing relaxing music in the background, turn your bath time into your personal spa today.


These statements have not been evaluated by the Food and Drug Administration. This product is not intended to diagnose, treat, cure, or prevent any disease.


Herbalistic Wellness is a proud supporter of the National Multiple Sclerosis Society Visit them today to donate @ www.nationalmssociety.org","Bath Scrub (DIL6TXSRKAQCTTCPIU5MDXPG), Bath Scrub (QXJZ7NY5ZNKQSRR27WBYI5WR), Body Scrubs",Bath Scrub (QXJZ7NY5ZNKQSRR27WBYI5WR),"Lavender Milk & Honey Bath Soak,  Milk Bath | Herbalistic Wellness","A Herbalistic Wellness Lavender Oatmeal & Honey milk bath leaves your skin feeling soft and supple. The fat and protein in the milk provide this immediate benefit in your bathwater. The milk also helps exfoliate the skin for additional softness. The lactic acid in milk helps clean, soften, and removes dead skin cells helping the milk to hydrates the skin, preventing dryness.


Many adults and children experience uncomfortable skin irritations such as eczema. A milk bath may help soothe some of the irritation of eczema and other skin conditions. Make sure to check with your health-care provider before trying home remedies for a medical skin condition.


The soothing feeling of the milk in the water combined with the essential oils of lavender & vanilla, collidial oatmeal, and the honey powder creates an overall relaxed, comfortable feeling. Taking a milk bath at the end of the day can help you improve your skin while the lavender helps to reduce the stress of your day. Try to create an overall relaxing environment by dimming the lights, using candles and playing relaxing music in the background, turn your bath time into your personal spa today.",,,visible,Physical good,2,,,Y,N,Y,N,19.99,,N,,N,,Y,,,6,,,,N
CU7OCTEKPLKZMVG4DTPAFXGU,Lavender Oatmeal Artisan Soap,,Size: 1 - 4oz Bar,,362023F,"This Lavender Oatmeal Artisan Soap is chocked-full of vitamins, minerals, antioxidants, and lipids that add moisture, soothe, and protect your skin. A Dry skin quencher- Rich in proteins and lipids, oatmeal has potent emollient properties, making it a great moisturizer. It also contains anti-inflammatory vitamin E, along with phenols and starches to aid in moisturization. Itchy skin reliever- Oatmeal contains antioxidant and anti-inflammatory properties that helps treat itching associated with dry, irritated skin. Remember those oatmeal baths you had to take when you got chicken pox as a kid? All for good reason! Gentle exfoliator- Oats act as a natural cleanser and exfoliator by removing dead skin cells to reveal smoother, brighter complexions. For added spa-like glow all over the skin, this soap is best paired with your favorite Herbalistic Wellness body scrub. Moisture locker- Known for its moisturizing qualities, oatmeal keeps skin hydrated by forming a protective barrier that holds water against the skin. A Skin protectant - Oatmeal contains flavonoids, which help to absorb damaging ultraviolet-A (UVA) rays. Flavonoids can even protect your skin from harsh pollutants and chemicals. Deeply cleansing - We all love a good cleanse, and the saponin content in oats – work as a terrific natural skin cleanser. 

This Soap Suits all skin types
Due to its skin-friendly properties, oatmeal is suited for all skin types. This includes even the most sensitive skin types who suffer from symptoms like acne, eczema, and psoriasis.

These statements have not been evaluated by the Food and Drug Administration. This product is not intended to diagnose, treat, cure, or prevent any disease.


Herbalistic Wellness is a proud supporter of the National Multiple Sclerosis Society Visit them today to donate @ www.nationalmssociety.org","Natural Soaps (AX42VQEBDEF5EICCHMADKL3U), Natural Soaps (CXBRCNKXBOELU4ESN7OTRRSK)",Natural Soaps (AX42VQEBDEF5EICCHMADKL3U),Lavender Oatmeal Organic Artisan Soap | Herbalistic Wellness,"This Lavender Oatmeal Artisan Soap is chocked-full of vitamins, minerals, antioxidants, and lipids that add moisture, soothe, and protect your skin. A Dry skin quencher- Rich in proteins and lipids, oatmeal has potent emollient properties, making it a great moisturizer. Infused with vitamin E. Visit US today to learn more! FREE SHIPPING OVER $35 LOCAL DELIVERY AVAILABLE",,,visible,Physical good,0.25,,,Y,,Y,,6.50,,N,,,,N,,,17,,Y,6,N
K6HXWARA6TM3G4YH2ZCPTCNB,Lavender Oatmeal Artisan Soap,,Size: 2 for 12,,362023F-2,,"Natural Soaps (AX42VQEBDEF5EICCHMADKL3U), Natural Soaps (CXBRCNKXBOELU4ESN7OTRRSK)",Natural Soaps (AX42VQEBDEF5EICCHMADKL3U),,,,,visible,Physical good,0.5,,,,,,,12.00,,N,,,,N,,,18,,Y,3,N
GSDZ7W7IX7UMQUYT5JVZLVHV,Lavender Rose & Calendula SOAP,,1 bar,,HW129,"Get lost in the floral but relaxing Lavender Bar, Handcrafted and Infused with Lavender, Rose & Calendula Flowers. Infused with Shea Butter & Olive Olive Oil, this soap moisturizes Dry Skin, eases acne, blemishes, skin Inflammation, provides relief to itchy And Peeling Skin, supports your body in restoring the elasticity of the skin to ease stretch mark and much more.

Infused with Patchouli, Lemon,Bitter Orange, Bergamont, Lime. Lemongrass, & Grapefruit Essential Oils",Natural Soaps (U5M5N7IUQD6V6V6TEYSIUWFC),Natural Soaps (U5M5N7IUQD6V6V6TEYSIUWFC),Lavender Rose & Calendula Soap,"Lavender Rose & Calendula Soap Get lost in the floral but relaxing Lavender Bar, Handcrafted and Infused with Lavender, Rose & Calendula Flowers. Infused with Shea Butter & Olive Olive Oil, this soap moisturizes Dry Skin, eases acne, blemishes, skin Inflammation, provides relief to itchy And Peeling Skin, supports your…",,,unavailable,Physical good,1,,,Y,,Y,Y,8.00,,Y,,N,,N,,,1,,,,Y
5XVBAVKVKNVDVVMW4J65KY6G,Lavender Rose & Calendula SOAP,,2 for 15,,HW130,,Natural Soaps (U5M5N7IUQD6V6V6TEYSIUWFC),Natural Soaps (U5M5N7IUQD6V6V6TEYSIUWFC),,,,,unavailable,Physical good,1,,,,,,,15.00,,Y,,,,N,,,0,,,,Y
XOSVRDI4UYKSOGAKKHLR4LFW,Lavender Rose & Calendula SOAP,,6 Bars,,H125180,,Natural Soaps (U5M5N7IUQD6V6V6TEYSIUWFC),Natural Soaps (U5M5N7IUQD6V6V6TEYSIUWFC),,,,,unavailable,Physical good,6,,,,,,,48.00,,Y,,,,N,,,2,,,,Y
EYNBSMOSYGHIBJGFZ4APVNXI,Lavender Rose & Calendula SOAP,,12 Bars,,2376959,,Natural Soaps (U5M5N7IUQD6V6V6TEYSIUWFC),Natural Soaps (U5M5N7IUQD6V6V6TEYSIUWFC),,,,,unavailable,Physical good,6,,,,,,,96.00,,Y,,,,N,,,2,,,,Y
Z4RDJJLIOFFPDQ26RKEENB4Q,Lavender Rose & Calendula SOAP,,24 Bars,,7390397,,Natural Soaps (U5M5N7IUQD6V6V6TEYSIUWFC),Natural Soaps (U5M5N7IUQD6V6V6TEYSIUWFC),,,,,unavailable,Physical good,7,,,,,,,192.00,,Y,,,,N,,,2,,,,Y
QXPZMJSY6CFAFZZAZRGIFDLK,Lemongrass Leaf,,.5 oz,,M121259,"SOLD WITH 100% ALL NATURAL UNBLEACHED WOOD PULP FILTER TEA BAGS 


Lemongrass is an herb with a lemony scent. The culinary herb is produced from the stalk of the lemongrass plant (Cymbopogon citratus). This plant grows in many tropical climates, most notably in Southeast Asia. It is a common ingredient in  Thai cooking and can also be found in dishes from Indonesia, Sri Lanka,L

Lemongrass tea is traditionally used for relieving anxiety and it has a diuretic effect against bloating. In addition, there have been studies that suggest it might relieve the symptoms of thrush (oral candidiasis) in people with HIV/AIDS. Lemongrass oil is high in citral and limonene, it may have antimicrobial and anti-inflammatory effects some studies have even found that a lemongrass oil solution applied to the scalp can help reduce dandruff.

Did you know that this tea can help fight against free radicals, thus reducing the incidence of inflammation in the body. Lemongrass contains the inflammation-fighting compounds chlorogenic a","Dried Herbs (7GYXS5CP73OFYX3B3MZ3WPFP), Dried Herbs (MYWUWDVIY57BRTZAMQDGIUXO)",Dried Herbs (MYWUWDVIY57BRTZAMQDGIUXO),Lemongrass Leaf Cut and Sifted | Herbalistic Wellness,"Lemongrass tea is traditionally used for relieving anxiety and it has a diuretic effect against bloating. Lemongrass oil is very high in citral and limonene, it may have antimicrobial and anti-inflammatory effects some studies have even found that a lemongrass oil solution applied to the scalp can help reduce dandruff. Learn More Shop Now upto 15% off Free Shipping Over $35 Local Delivery Available",,,visible,Physical good,0.19,,,Y,,Y,,4.40,,N,,,,N,,,15,,,,Y
7NN7A5J4XFWVUQAPIMEAHRCT,Lemongrass Leaf,,1.5 oz,,4512324,,"Dried Herbs (7GYXS5CP73OFYX3B3MZ3WPFP), Dried Herbs (MYWUWDVIY57BRTZAMQDGIUXO)",Dried Herbs (MYWUWDVIY57BRTZAMQDGIUXO),,,,,visible,Physical good,0.19,,,,,,,12.00,,N,,,,N,,,4,,,,Y
W4XI6RX4BISS3OCNAW7P2GY2,Lemongrass Leaf,,3 oz,,7547505,,"Dried Herbs (7GYXS5CP73OFYX3B3MZ3WPFP), Dried Herbs (MYWUWDVIY57BRTZAMQDGIUXO)",Dried Herbs (MYWUWDVIY57BRTZAMQDGIUXO),,,,,visible,Physical good,0.5,,,,,,,21.50,,N,,,,N,,,2,,,,Y
WLNFDXKRJSA75ND7ZNUIYLFR,Lemongrass Leaf,,,,34,"Welcome to a breath of fresh air for your wellness journey. Our <b>Lemongrass Leaf</b> is a culinary and medicinal treasure, celebrated for its unique citrus flavor and powerful health benefits. As your herbalist, I’ve personally sourced this herb to bring you a natural way to support your body and mind.

Lemongrass is a potent ally for digestion, traditionally used to ease bloating and soothe the stomach. It’s also known for its calming properties, making it the perfect tea to sip when you need to unwind and find a moment of peace. My favorite way to use it? A simple, refreshing tea. Simply steep a teaspoon of our loose leaf in hot water, and let its sweet, fruity aroma fill your senses.

So why not try our Lemongrass Leaf tea today? It&#39;s the perfect addition to your daily routine, and a great way to enjoy the many potential benefits of this amazing herb. Don&#39;t forget to visit our blog &#34; What&#39;s The Tea? &#34; at Herbalistic Wellness LLC (<a href=""https://herbalisticwellness.com/stories/"" target=""_blank"" rel=""noopener nofollow"">What&#39;s The Tea? Blog</a>) to learn more about our products and their benefits.",Dried Herbs (MYWUWDVIY57BRTZAMQDGIUXO),Dried Herbs (MYWUWDVIY57BRTZAMQDGIUXO),,,,,unavailable,Physical good,,,,Y,,Y,,13.50,,Y,,N,,Y,,,40,,,,N
3FGEI3G24ZXHRQ4VDXDQNS7T,Maca Root | Powdered,,2.5oz,,700766E,"Maca Root is an extremely nutritious plant, loaded with vitamin C, Potassium, iron, fiber, and much much more. It is often used to increase energy, stamina, and over all performance. Reduced desire during that special time when you partner wants a little attention is a very common problem among many adults male and female. Maca Root has been heavily effective at improving sexual desire, performance and stamina when used consistently over time, can assist with male fertility, sperm quality and quantity as well. In women Maca acts alittle different but is equally useful. Maca Root may improve your mental well being and mood by reducing depression and anxiety, especially in menopausal women. Maca root powder is very popular among bodybuilders and athletes. May help gain muscle, increase strength, boost energy, and improve exercise performance. Maca even has been said to benefit people suffering from enlarged prostate.



These statements have not been evaluated by the Food and Drug Administration. For Informational purposes only.","Dried Herbs (7GYXS5CP73OFYX3B3MZ3WPFP), Dried Herbs (MYWUWDVIY57BRTZAMQDGIUXO)",Dried Herbs (MYWUWDVIY57BRTZAMQDGIUXO),Maca Root Powered | Herbalistic Wellness,"Maca Root Is an extremely nutritious plant loaded with vitamin C, Potassium, iron, fiber and much much more. It is often used to increase energy, stamina, and over all performance. Local Delivery Available",,,visible,Physical good,0.19,,,Y,,Y,,13.99,,N,,,,Y,Size,2.5oz,8,,,,Y
JGVTBOGKQ3KX7HOCQHT3GRCF,Marshmallow Root,,1.6 oz,,T143817,"Marshmallow root also known as (Althaea officinalis) has a very long history in ancient medicine, a plant native to Africa and many other countries even going back to ancient Greek and Egyptian times. 

Over 2,800 years ago, references to this plant were a popular way to ease coughs, sore throats and congestion. Some herbalist make herbal cough syrups and cough drops containing marshmallow root, Improving dry mouth. 

Protects against ulcers, helping to repair the gut lining, The roots and stem of the marshmallow plant secrete mucilage, which softens skin, lowers swelling and kills bacteria.

Also known to soothes skin irritation promoting wound regeneration, ease and supporting the throat from gastric reflux.","Dried Herbs (7GYXS5CP73OFYX3B3MZ3WPFP), Dried Herbs (MYWUWDVIY57BRTZAMQDGIUXO)",Dried Herbs (MYWUWDVIY57BRTZAMQDGIUXO),Marshmallow Root,"Marshmallow root also known as (Althaea officinalis) has a very long history in ancient medicine, a plant native to Africa and many other countries even going back to ancient Greek and Egyptian times.",,,visible,Physical good,0.13,,,Y,N,Y,N,11.99,,N,,N,,Y,Herb,1.6 oz,32,,,,Y
HRKG2SCQWOYBK4QTQOH37UZ4,Mullein Leaf,,Size: .5 oz,,1021984,"Mullein is an amazing plant. The flower is well known by many elders, herbalist and Naturopathic Physicians & used to make medicine. Mullein leaf is an Antibacterial Antiviral & Anti-inflammatory.

Mullein has been used for colds & cough, tuberculosis, bronchitis, horseness, pneumonia, earaches, colds, chills, flu, swine flu, fever, allergies, tonsillitis, and sore throat to say the least. But that's only the begining of the long list reasons mullein has been used. Other uses include  Asthma, diarrhea, colic, migraines, joint pain, and even gout. There has even been reports of mullein being used as a diuretic to increase urine output. 

Mullein can be used in many forms like tinctures, oils, infusions, salves, poultice, compress, and even as a form of hydrotherapy. 

Mullein can be applied to the skin for wounds, burns, hemorrhoids, bruises, frost bite, and skin infections (cellulitis) when used as an oil or salve. The leaves are used topically to soften and protect the skin.","Dried Herbs (7GYXS5CP73OFYX3B3MZ3WPFP), Dried Herbs (MYWUWDVIY57BRTZAMQDGIUXO)",Dried Herbs (MYWUWDVIY57BRTZAMQDGIUXO),Mullein Leaf | Herbalistic Wellness,"Mullein is a plant. The flower is used to make medicine. Mullein leaf is an Antibacterial Antiviral & Anti-inflammatory. Mullein is used for for Cough, tuberculosis, Bronchitis, horseness, pneumonia, earaches, colds, chills, flu, swine flu, fever, allergies, tonsillitis, and sore throat. Other uses include  Asthma, diarrhea, colic,  gastro intestinal bleeding, migraines, joint pain, and gout. It is also used as a sedative and as a diuretic to increase urine output. 
Visit us to learn more upto 15% off",,,visible,Physical good,0.19,,,Y,N,N,N,5.50,,N,,N,,N,,,16,,,,Y
3QGQXSRLYIHQPMKN2WG3D6VR,Mullein Leaf,,Size: 1.5 oz,,5698977,,"Dried Herbs (7GYXS5CP73OFYX3B3MZ3WPFP), Dried Herbs (MYWUWDVIY57BRTZAMQDGIUXO)",Dried Herbs (MYWUWDVIY57BRTZAMQDGIUXO),,,,,visible,Physical good,0.19,,,,,,,13.00,,N,,,,N,,,5,,,,Y
G2CDM4XMO7EKF3DUGZ3TIR6Y,Mullein Leaf,,Size: 3oz,,203314J,,"Dried Herbs (7GYXS5CP73OFYX3B3MZ3WPFP), Dried Herbs (MYWUWDVIY57BRTZAMQDGIUXO)",Dried Herbs (MYWUWDVIY57BRTZAMQDGIUXO),,,,,visible,Physical good,0.5,,,,,,,28.00,,N,,,,N,,,,,,,Y
O45ZTT7O3B5FOREJTPQHLTYL,Mullein Oil,,1oz,,P547634,"Mullein Infused Oil has been used for centuries as a remedy for earaches, eczema, rheumatic joints and many other skin conditions.

Mullein leaves and flowers are considered expectorants (promotes the discharge of mucus) and demulcents (soothes irritated mucous membranes). Mullein has been used by many as a remedy for the respiratory tract, Especially in the case of irritating coughs with bronchial congestion. Due to its mucilage content, mullein has also been used topically by many as a soothing emollient for inflammatory skin conditions and burns.

Did you know that study even showed a benefit for ear pain based on a trial of 171 children between 5 and 18 years old with an ear infection. But always used with caution for ear infections , some naturopathic doctors apply an oil extract directly in the ear but if the eardrum has ruptured, nothing should be put directly in the ear. So also ways consult your physician before considering an herbal remedy for examination in the case of an ear drum possibly being ruptured.

When used typically mullein is applied to the skin for wounds, burns, hemorrhoids, bruises, frostbite, and skin infections (cellulitis). The leaves are used topically to soften and protect the skin when turned into a salve, poultice, and even as a compress. 

These statements have not been evaluated by the Food and Drug Administration. This product is not intended to diagnose, treat, cure, or prevent any disease.


Herbalistic Wellness is a proud supporter of the National Multiple Sclerosis Society Visit them today to donate @ www.nationalmssociety.org","Herbal Infused Oils (DXZSPU4M3C4C3KYLR7ZMTCV3), Oils\, Creams\, & Salves",Herbal Infused Oils (DXZSPU4M3C4C3KYLR7ZMTCV3),Mullein Oil | Herbalistic Wellness,"Mullein Infused Oil in our one of a kind oil blend soothes the skin with the power of mother nature works to assist you in easing swollen joints, eczema, hemorrhoids, cold sores and much more. Local Delivery Available Visit Us Today To Learn More!!",,,visible,Physical good,0.5,,,Y,N,Y,N,17.99,,N,,N,,N,,,4,,,,N
QYY6WZ36LBDLII4VXV4WDZMI,Neem Leaf,,Regular,,H846657,"Did you know Neem tea is rich in antioxidants, vitamin C, and minerals. Many herbalist use it to assist with issues with digestion, easing pain, improve skin complexion, and controlling a fever. Neem has also been known to boosts metabolism, so it could be the perfect for you if you have trouble with weight management. Even shown to help fight inflammation and control diabetes. But have you heard Sage's Secret on how to use neem for your furry friends? ... If not then your in luck! Neem oil is easy to make and can be used for dogs as wel. Bet you didn’t know Neem Oil can help reduce itchiness with allergies, treat skin infections, fight fungal infections, and has even been shown to treat mange and ringworm. When neem oil used properly, there are many beneficial properties for yourself as well as with dogs to help them feel their absolute best . So make sure to use natural ingredients whenever possible. Remember buy natural! It's usually cheaper, easier, and always greener.  Always consult with your Naturopathic Physician, Primary Care Physician, or Vet before starting any herbal regimen.","Dried Herbs (7GYXS5CP73OFYX3B3MZ3WPFP), Dried Herbs (MYWUWDVIY57BRTZAMQDGIUXO)",Dried Herbs (MYWUWDVIY57BRTZAMQDGIUXO),Neem Leaf | Herbalistic Wellness,"Did you know Neem tea is rich in antioxidants, vitamin C, and minerals. Many herbalist use it to assist with issues like ... Learn More Today!! Use Discount Code (( Secrets)) for 10% off Now",,,visible,Physical good,0.19,,,Y,,Y,,8.99,,N,,,,Y,,,8,,,,Y
EDOYOTBP4PEAWCM7AUPOVSI6,"Nerve Joint & Muscle Pain Relief Salve, Ease Arthritis, Sciatica, Fybromyalgia, Neuropathy",,3.4oz,,Z612600,"Highly Requested All Natural Nerve Joint & Muscle Pain Relief Salve. 

Formulated to ease Joint pain from arthritis, ease sore muscles, ease minor neuropathy, relieve tight muscles and back pain. 

This special blend of 12 highly effective pain and imflammation reducing natural herbs can ease symptoms associated with...Arthritis, Strained Muscles, Back Pain, Neuropathy from Multiple Sclerosis, Fybromyalgia, minor cuts, burns, itching from bug bites and much more!!

This amazing all natural salve is made with 100% Organic Heep Seed Oil as its base and known to rejuvenates and nourishes tight or dry skin and prevents flakiness and itchiness. It controls oil production to moisturize without clogging pores. Hemp seed oil restores the skin barrier and helps it to retain moisture, which results in skin that looks healthy, hydrated, and supple while being infused with the benefits of this herbal favorite. 




rejuvenates and nourishes tight or dry skin and prevents flakiness and itchiness. When used on the face, it controls oil production to moisturize without clogging pores. Hemp seed oil restores the skin barrier and helps it to retain moisture, which results in skin that looks healthy, hydrated, and supple.


These statements have not been evaluated by the Food and Drug Administration. This product is not intended to diagnose, treat, cure, or prevent any disease.


Herbalistic Wellness is a proud supporter of the National Multiple Sclerosis Society Visit them today to donate @ www.nationalmssociety.org","Oils\, Creams\, & Salves, Salves (U2OY3SOBD2PUL55CHBEZZJB7)",Salves (U2OY3SOBD2PUL55CHBEZZJB7),Nerve Joint & Muscle Pain Relief Salve | Herbalistic Wellness,"Formulated to ease Joint pain from arthritis, ease sore muscles, ease minor neuropathy, relieve tight muscles and back pain. This special blend of 12 highly effective pain and imflammation reducing natural herbs can ease symptoms associated with...Arthritis, Strained Muscles, Back Pain, Neuropathy from Multiple Sclerosis, Fybromyalgia, minor cuts, burns, itching from bug bites and much more!! FREE SHIPPING OVER $35 Local Delivery Available",,,visible,Physical good,0.5,,,Y,,Y,,24.50,,N,,,,Y,Size,3.4oz,5,,,,Y
KTWZ7PUF4QNIJVXJYC34XO2M,Oatmeal & Honey Artisan Soap,,1 bar,,HW109,"WHY USE OATMEAL AND HONEY ON YOUR SKIN?

Science says that oatmeal can soak up the excess oil on your skin and help ease acne naturally. Its antioxidant and anti-inflammatory properties help to soothe dry skin and remove dead skin cells.

Honey is antibacterial, it's amazing for acne support and prevention. This soap is full of antioxidants which helps slow down the aging process while being a complexion booster: It is extremely moisturizing and soothing to the skin, Helps create a beautiful glow to the skin. Give it a try for yourself



rejuvenates and nourishes tight or dry skin and prevents flakiness and itchiness. When used on the face, it controls oil production to moisturize without clogging pores. Hemp seed oil restores the skin barrier and helps it to retain moisture, which results in skin that looks healthy, hydrated, and supple.","Natural Soaps (AX42VQEBDEF5EICCHMADKL3U), Soaps",Natural Soaps (AX42VQEBDEF5EICCHMADKL3U),Oats & Honey Soap | Herbalistic Wellness,"WHY USE OATMEAL AND HONEY ON YOUR SKIN? Science says that oatmeal can soak up the excess oil on your skin and help ease acne naturally. Its antioxidant and anti-inflammatory properties help to soothe dry skin and remove dead skin cells. Honey is antibacterial, it's amazing for acne support and prevention. This soap is … Free Shipping Over $35.00 Local Delivery Available 

Product availability
Available on 8 of 8 channels and apps

Organization
Product type
Soaps
Vendor
Herbalistic Wellness
COLLECTIONS
Search for collections
Bath
Auto
Tobi Collection
Auto
Herbalistic Wellness
Auto
TAGS
View all tags
Edit tags
Vintage, cotton, summer
Soap

Natural Soap",,,visible,Physical good,0.25,,,Y,,Y,,7.50,,N,,,,N,,,13,,Y,2,Y
D6MDUUNUZV6USJ6SINJPFHBB,Oatmeal & Honey Artisan Soap,,2 for 12,,HW110,,"Natural Soaps (AX42VQEBDEF5EICCHMADKL3U), Soaps",Natural Soaps (AX42VQEBDEF5EICCHMADKL3U),,,,,visible,Physical good,0.5,,,,,,,14.00,,N,,,,N,,,3,,,,Y
URPI6QDM3AW3OTB5DJRZYBKU,"Orange & Calendula Artisan Soap, All Natural Soap, Herbal Infused Soap,",,Size: 4 oz bar,,511449R,"Orange & Calendula Artisan Soap is the perfect skin moisturizer. The olive oil soap base gives a very clean and buttery feel despite minimal lather, its a gentle makeup remover, has antioxidant properties, has anti-inflammatory properties, and eases eczema and psoriasis because the soap is an extra mild and gentle soap, that also helps with acne.

If You Have Sensitive Skin, You Need To Stock Up On Calendula-Based Products. ... This herbal plant is considered a useful ingredient in beauty products due to its anti-inflammatory property which naturally heals cuts, wounds, and other inflammatory skin diseases.

The nourishing benefits of calendula also help to plump the surface of your skin to give you tighter, more supple skin almost instantly. In the long term, both the anti-inflammatory and antioxidant properties help to protect your precious collagen and elastin supply.



rejuvenates and nourishes tight or dry skin and prevents flakiness and itchiness. When used on the face, it controls oil production to moisturize without clogging pores. Hemp seed oil restores the skin barrier and helps it to retain moisture, which results in skin that looks healthy, hydrated, and supple.



These statements have not been evaluated by the Food and Drug Administration. This product is not intended to diagnose, treat, cure, or prevent any disease.


Herbalistic Wellness is a proud supporter of the National Multiple Sclerosis Society Visit them today to donate @ www.nationalmssociety.org","Natural Soaps (AX42VQEBDEF5EICCHMADKL3U), Natural Soaps (CXBRCNKXBOELU4ESN7OTRRSK)",Natural Soaps (AX42VQEBDEF5EICCHMADKL3U),Orange & Calendula Handcrafted Herbal Infused Soap,"Orange & Calendula Artisan Soap is the perfect skin moisturizer. The olive oil soap base gives a very clean and buttery feel despite minimal lather, its a gentle makeup remover, has antioxidant properties, has anti-inflammatory properties, and eases eczema and psoriasis because the soap is an extra mild and gentle soap, that also helps with acne. Free Shipping Over $35 Local Delivery Available",,,visible,Physical good,0.25,,,Y,,Y,,6.50,,N,,,,N,,,14,,,,N
KU6OVFEXIS5O6ZEPMKHCK4QD,"Orange & Calendula Artisan Soap, All Natural Soap, Herbal Infused Soap,",,Size: 2 for 12,,143777B,,"Natural Soaps (AX42VQEBDEF5EICCHMADKL3U), Natural Soaps (CXBRCNKXBOELU4ESN7OTRRSK)",Natural Soaps (AX42VQEBDEF5EICCHMADKL3U),,,,,visible,Physical good,0.5,,,,,,,13.50,,N,,,,N,,,7,,,,N
G75B2NNS3RH7P2STRPD75VS2,Oregon Grape Root Premium Organic Cut and Sifted Dried Herb,,Size: 1 fl oz,,848124C,"Oregon grape is best known for it's use for conditions such as stomach ulcers, gastroesophageal reflux disease (GERD), stomach upset, as a bitter tonic, to treat infections, and its well known to cleanse the bowels. It can also be used in making your own DIY herbal preparations for skin conditions Oregon grape is applied to the skin for a skin disorder called psoriasis and as a disinfectant. It has been known to lesson the severity of flare ups & reduce the severity of psoriasis over all while improving the quality of life for people who have psoriasis. Proven effective in reducing itching, irritation, and inflammation in those with mild to moderate cases of psoriasis.  ((SIDEBAR: Just like medications on the market when creating a herbal preparation remember different things may work for different people just like other treatments. Dont give up, continue to look for the best herbal preparations for you and your skin. Mother nature always provides the best medicine you may just have to","Dried Herbs (7GYXS5CP73OFYX3B3MZ3WPFP), Dried Herbs (MYWUWDVIY57BRTZAMQDGIUXO)",Dried Herbs (MYWUWDVIY57BRTZAMQDGIUXO),Oregon Grape Root | Herbalistic Wellness,"Oregon grape root is best known for it's use for conditions such as stomach ulcers, gastroesophageal reflux disease (GERD), stomach upset, as a bitter tonic, and its well known to cleanse the bowels.",,,visible,Physical good,0.19,,,Y,,N,,13.99,,N,,,,Y,,,7,,,,Y
XHFZYTKE7GU2SPHYOYMPIGVI,PEACH mango BODY BUTTER,,Regular,,W906748,,,,,,,,unavailable,Physical good,,,,Y,,Y,,15.00,,Y,,N,,Y,,,0,,,,Y
JNYT424R5AMPRVSAXUBMFJM7,Peach Mango Artisan Soap | All Natural | Vegan | Handcrafted | Moisturizing Bar Soap,,Size: 1 bar- 4oz,,C659838,"Herbalistic Wellness Peach Mango Soap will engulf your senses in the wonderfully fruity fragrance of peach & mango fields. An all Natural, Handcrafted, Vegan alternative that does not leave you lacking when it comes to  quality fragrant soap the suds up nicely and leaves the skin silky smooth all day.

 Infused with Peach Kernel Oil which is extracted from the kernal of the peach and is rich in polyunsaturated fatty acids, including linoleic acid and oleic acid, vitamins A and E as well as a variety of B-group vitamins that help skin to lock in the moisture and retain elasticity.

The high antioxidant content of Mango Essential Oil helps prevent sun damage and premature aging. Mango oil has also been known to be able to hydrate your skin when applied topically.

Last but not least Aloe Vera Leaf Extract It contains antioxidants, enzymes, Vitamins A and C, and it is highly anti-inflammatory. It can help treat burns, acne and dry skin, remember when it comes to acne, Aloe vera works best on superficial surface acne rather than cystic or deeper acne so it can definitely help support your healthy skin care regimen. So give it a try, I'm sure you'll love it as much as I do.



These statements have not been evaluated by the Food and Drug Administration. This product is not intended to diagnose, treat, cure, or prevent any disease.


Herbalistic Wellness is a proud supporter of the National Multiple Sclerosis Society Visit them today to donate @ www.nationalmssociety.org","Natural Soaps (AX42VQEBDEF5EICCHMADKL3U), Natural Soaps (CXBRCNKXBOELU4ESN7OTRRSK), Soaps",Natural Soaps (AX42VQEBDEF5EICCHMADKL3U),Peach Mango Artisan Soap | Herbalistic Wellness,"Herbalistic Wellness Peach Mango Soap will engulf your senses in the wonderfully fruity fragrance of peach & mango fields. An all Natural, Handcrafted By Herbalist LaToya Renee Shop Now upto 15% off Free Shipping Over $35 Local Delivery Available",,,visible,Physical good,0.25,,,Y,,Y,,6.50,,N,,,,,,,6,,,,N
227QA3JZK4MQ7LEJIVETFOGI,Peach Mango Artisan Soap | All Natural | Vegan | Handcrafted | Moisturizing Bar Soap,,Size: 2 for 12,,4822257,,"Natural Soaps (AX42VQEBDEF5EICCHMADKL3U), Natural Soaps (CXBRCNKXBOELU4ESN7OTRRSK), Soaps",Natural Soaps (AX42VQEBDEF5EICCHMADKL3U),,,,,visible,Physical good,0.5,,,,,,,13.50,,N,,,,,,,3,,,,N
XPG66OIY75P54YKS7ZLOSYX4,"Peach Mango Bath Salt Scrub, exfoliator, moisturizer",,Volume: 8 Fluid ounces,,8061730,"This Peach Mango Bath Salt Scrub  has a wonderful aroma but more importantly is exfoliating and moisturizing all in one. Infused with peach kernal oil & mango essential oil. Together they helps exfoliate your skin, dont clog pores which assist in preventing acne, reduce redness, and has a rather rather exquisite healing properties. 

The Mango Oil not only moisturizes but cleanses and heals your skin but also neutralizes toxins and aids generation of new skin cells just like our Peach Mango Body Butter..they pair very well together. 

Peach Kernel Oils healthy acids helps the skin maintain its moisture balance, and also contributes to the toning and firming of the skin. The rich antioxidants vitamin C and E in the oil help neutralize free radicals and slow signs of aging. Since peach kernel oil is such a light oil, it complements virtually all skin types.

Must Purchase Body Butter Separately","Bath Scrub (DIL6TXSRKAQCTTCPIU5MDXPG), Body Scrubs",Bath Scrub (DIL6TXSRKAQCTTCPIU5MDXPG),Peach Mango Bath Salt Scrub,"This Peach Mango Bath Salt Scrub  has a wonderful aroma but more importantly is exfoliating, relaxed Muscle aches & is moisturizing all in one. Shop Now Free Shipping Over $35 Local Delivery Available",,,visible,Physical good,2,,,Y,,Y,,16.50,,N,,,,Y,,,1,,,,N
DK5UHDUUAFGKBB43FNJGFXR6,"Peach Mango Body Butter, Body Cream, Body lotion,Moisturizer Scrub",,Volume: 8 Fluid ounces,,1949930,"The wonderful aroma of this peach & mango butter is wonderfully mesmerizing while extremely moisturizing. Creamy fast absorbing, infused with peach kernel oil, and mango essential oil,and our special blend of shea butter, coconut, sunflower, avocado & jojoba oil give this body butter a silky texture with the added benefits of vitamin e. 

Peach kernel oil has many healthy acids helping the skin maintain its moisture balance, and also contributes to the toning and firming of the skin. The rich antioxidants vitamin C and E in the oil help neutralize free radicals and slow signs of aging. Since peach kernel oil is such a light oil, it complements virtually all skin types.

Mango oil also helps exfoliate your skin, prevent acne, reduce redness, unclog pores and has rather exquisite healing properties. Mango oil not only moisturizes, but naturally heals your skin but also neutralizes toxins and generates skin cell renewal that prevents wrinkles from forming.

The perfect addition to your beauty regimen!!","Body Butter (NZQPHPQAHSK6TINNNAVUJJMR), Body Butter (OYK5P6UIJLMXDPBGQ6QYYLKL)",Body Butter (NZQPHPQAHSK6TINNNAVUJJMR),Peach Mango Body Butter | Herbalistic Wellness,"The wonderful aroma of this peach & mango butter is wonderfully mesmerizing while extremely moisturizing. Creamy fast absorbing, infused with peach kernel oil, and mango essential oil and our special blend. Free Shipping Over $35 Local Delivery Available",,,visible,Physical good,1,,,Y,,Y,,19.99,,N,,,,Y,,,16,,,,Y
USBY2C6AQ4JO5SDJ7YJGLSTL,Peppermint Hemp Seed Oil,,2oz,,6619767,"Did you know Hemp oil is perfect for most skin types as it can moisturize without clogging your pores and It can even help to balance out oily skin, hydrating it and regulating the skin’s oil production.

Dryness can also cause your skin to overproduce oil, which in turn, can stimulate acne. Hemp oil can prevent dry skin without clogging pores. This helps reduce acne that’s caused by excess oil.

Moisturizes and soothes inflammation
One of the omega-6 fatty acids that hemp oil contains is gamma-linolenic acid (GLA), which acts as a powerful anti-inflammatory and combined with the oil of  Peppermint leaf which naturally cleanses the skin and has antiseptic and antibacterial properties. It surprisingly has a cooling effect which soothes irritation and inflammation due to acne. 

This can help to calm inflammation and irritation on the skin, including acne and some conditions like psoriasis, while keeping the skin nourished and moisturized.



These statements have not been evaluated by the Food and Drug Administration. This product is not intended to diagnose, treat, cure, or prevent any disease.


Herbalistic Wellness is a proud supporter of the National Multiple Sclerosis Society Visit them today to donate @ www.nationalmssociety.org","Herbal Infused Oils (DXZSPU4M3C4C3KYLR7ZMTCV3), Oils\, Creams\, & Salves",Herbal Infused Oils (DXZSPU4M3C4C3KYLR7ZMTCV3),Peppermint Hemp Seed Oil | Herbalistic Wellness,Did you know Hemp oil is perfect for most skin types as it can moisturize without clogging your pores and It can even help to balance out oily skin...combined with the anti bacterial power of Peppermint leaf it's great for acne. FREE SHIPPING OVER $35 LOCAL DELIVERY AVAILABLE,,,visible,Physical good,0.31,,,Y,,Y,,18.99,,N,,,,Y,,,3,,,,N
E52GXNAYW7LPCYPD5LNY5E6V,Peppermint Leaf Organic Premium Loose Herb,,Size: .5 fl oz,,E312661,"Peppermint is a popular traditional remedy for a number of conditions. It is believed to have calming effects. It is used to treat flatulence, menstrual pains, diarrhea, nausea, depression-related anxiety, muscle and nerve pain, the common cold, indigestion, and IBS.
Peppermint calms the stomach muscles and improves the flow of bile, according to the University of Maryland Medical Center (UMM) Which is located in my home town. This makes it suitable for people who have indigestion.
However, it should not be used by people with gastroesophageal reflex disease (GERD), which has different causes.

Studies have suggested that peppermint, in various forms, can help treat the symptoms of irritable bowel syndrome (IBS).
These include:

pain

bloating

diarrhea

gas

Did you know peppermint activates an anti-pain channel in the colon, resulting in reduced inflammatory pain in the gut.","Dried Herbs (7GYXS5CP73OFYX3B3MZ3WPFP), Dried Herbs (MYWUWDVIY57BRTZAMQDGIUXO)",Dried Herbs (MYWUWDVIY57BRTZAMQDGIUXO),Peppermint Leaf | Herbalistic Wellness,"Peppermint Leaf used to ease symptoms  of flatulence, menstrual pains, diarrhea, nausea, depression-related anxiety, muscle and nerve pain, the common cold, indigestion, and IBS. Visit Us Today To Learn More upto 15% off today! Free Shipping Over $35 Local Delivery Available",,,visible,Physical good,0.19,,,Y,,Y,,5.25,,N,,,,,,,9,,,,N
3SA23NXZCXP2WMNZDRBDBZES,Peppermint Leaf Organic Premium Loose Herb,,Size: 1.5 fl oz,,B137150,,"Dried Herbs (7GYXS5CP73OFYX3B3MZ3WPFP), Dried Herbs (MYWUWDVIY57BRTZAMQDGIUXO)",Dried Herbs (MYWUWDVIY57BRTZAMQDGIUXO),,,,,visible,Physical good,0.19,,,,,,,13.00,,N,,,,,,,9,,,,N
MUAMEXDNUNWG7VO2BA2BE2NB,Peppermint Leaf Organic Premium Loose Herb,,Size: w/Tea Bags+Scooper 3 fl oz,,R914471,,"Dried Herbs (7GYXS5CP73OFYX3B3MZ3WPFP), Dried Herbs (MYWUWDVIY57BRTZAMQDGIUXO)",Dried Herbs (MYWUWDVIY57BRTZAMQDGIUXO),,,,,visible,Physical good,0.5,,,,,,,23.50,,N,,,,,,,2,,,,N
D6TQ24KPGZC4KM7HZHCWDT2V,Piper™ Rose Gold Press Pot,,,,2660509,"Tea served out of a Rose Gold french press just tastes better. With it's 34 oz capacity, Stainless steel filter and press, and on trend copper-plated stainless steel frame you'll be serving up the hottest cups of tea on the block!
• Holds 34 oz
• Borosilicate glass & rose gold finish
• Brews tea & coffee within minutes
• PKG: Box

Disclaimer: Shipping cost to Hawaii and Alaska is $15.",,,,,,,unavailable,Physical good,,,,Y,,Y,,44.87,,Y,,N,,Y,,,0,,,,N
VMHQIRQ5X22KKNXXOJMCPN4F,Red Raspberry Leaf,,Regular,,755018A,"Red raspberry leaf is filled with the many of the required  vitamins and minerals for boosting fertility, & ... as a tonic it is thought to improve fat metabolism and encourage weight loss. It is truly an amazing “detoxifying” supplement that has long been used to improve body composition and the overall health of your body. Women specifically may find many benefits of Raspberry leaf tea, it is thought to potentially help your milk come in, reduce post-delivery bleeding and be may even be effective at helping your uterus shrink back to its state before pregnancy.



These statements have not been evaluated by the Food and Drug Administration. This product is not intended to diagnose, treat, cure, or prevent any disease.


Herbalistic Wellness is a proud supporter of the National Multiple Sclerosis Society Visit them today to donate @ www.nationalmssociety.org","Dried Herbs (7GYXS5CP73OFYX3B3MZ3WPFP), Dried Herbs (MYWUWDVIY57BRTZAMQDGIUXO)",Dried Herbs (MYWUWDVIY57BRTZAMQDGIUXO),Red Raspberry Leaf | Herbalistic Wellness,"Red raspberry leaf is filled with the many of the required  vitamins and minerals for boosting fertility, & ... as a tonic it is truly amazing. Visit the shop to learn more today! FREE SHIPPING OVER $35 LOCAL DELIVERY AVAILABLE",,,visible,Physical good,0.19,,,Y,N,Y,N,9.00,,N,,N,,Y,,,6,,,,N
OVXTW3XLPQLCOOA7SGKAFVHG,Rosemary Lemon & Poppyseed All Natural Soap,,Size: 1 bar- 4oz fl oz,,168341T,"Rosemary Lemon Poppy Seed is one of our most fragrant & popular soaps! It contains Rosemary, Lemongrass Essential Oils with whole poppy seed & dried rosemary for exfoliation.

Rosemary topically has several benefits for the skin it reduces cellulite, reduce saggy skin, reduces redness, puffiness, treats skin infection, and reduces acne because it acts as a natural cleanser while the lemongrass is strong, fresh and mood uplifting. 

As the herb is packed with vitamin A and C, Lemongrass also works hard to keep your skin and hair glossy. However, beyond that it also has astringent properties which helps to minimize your pores as well as keep your oil levels balanced – cutting back on those ever so hated pimples

Rosemary Lemon & Poppy Seed Soap is a great choice in soap for yourself and/or gifting. I hope you enjoy!

These statements have not been evaluated by the Food and Drug Administration. This product is not intended to diagnose, treat, cure, or prevent any disease.


Herbalistic Wellness is a proud supporter of the National Multiple Sclerosis Society Visit them today to donate @ www.nationalmssociety.org","Natural Soaps (AX42VQEBDEF5EICCHMADKL3U), Soaps",Natural Soaps (AX42VQEBDEF5EICCHMADKL3U),Rosemary Lemon Poppyseed Soap | Herbalistic Wellness,"Rosemary Lemon Poppy Seed is one of our most fragrant & popular soaps! It contains Rosemary, Lemongrass Essential Oils with whole poppy seed & dried rosemary for exfoliation. Free Shipping Over $35 Local Delivery Available",,,visible,Physical good,0.25,,,Y,,Y,,7.50,,N,,,,N,,,9,,,,Y
F3JFA2WN262IDA5BNJ2VVVDV,Rosemary Lemon & Poppyseed All Natural Soap,,Size: 2 for 12 - 8oz fl oz,,6126041,,"Natural Soaps (AX42VQEBDEF5EICCHMADKL3U), Soaps",Natural Soaps (AX42VQEBDEF5EICCHMADKL3U),,,,,visible,Physical good,0.5,,,,,,,14.00,,N,,,,N,,,5,,,,Y
SGB6QYNCKEYVI2SB5AXCCXZL,Rosemary Peppermint Hair Growth Serum,,2 oz,,114226A,"Rosemary & Peppermint Hair Growth Serum is an all natural, handcrafted, herbal infused serum, used to promote hair growth. Rosemary strengthens circulation. Beyond stimulating hair growth, rosemary is used to prevent premature graying and dandruff. It may also help dry or itchy scalp. While providing a light and refreshing aroma to your hair.

Rosemary Peppermint Hair Growth Serum is best used when hair is wet, with a relaxing scalp massage to improve both hair thickness and hair growth. Rosemary is a great addition to your hair care regimen thanks to its ability to improve cellular regeneration and stimulate the roots. According to one study, rosemary oil performed as well as minoxidil, a common hair growth treatment, but with less scalp itching as a side effect.

Tea tree oil can unclog hair follicles and has numerous antimicrobial and antiseptic properties. These properties all benefit the hair and scalp by removing build-up of dead skin cells, oil and products, increasing oxygen and nu","Herbal Infused Oils (DXZSPU4M3C4C3KYLR7ZMTCV3), Oils\, Creams\, & Salves",Herbal Infused Oils (DXZSPU4M3C4C3KYLR7ZMTCV3),Rosemary Peppermint Hair Growth Serum | Herbalistic Wellness,"Rosemary & Peppermint Hair Growth Serum is an all natural, handcrafted, herbal infused serum, used to promote hair growth. Rosemary strengthens circulation. Beyond stimulating hair growth, rosemary is used to prevent premature graying and much more! Shop Now Free Shipping Over $35.00 Local Delivery Available",,,visible,Physical good,0.31,,,Y,,Y,,18.99,,N,,,,Y,,,3,,,,N
BOYGCZ34YMQ7KHUCBR3OTQEL,Sage Leaf,,Regular,,6526039,"How many times have you wanted to just Sage away your worries? There are many myths concerning sage but the reality is way more magical.  Did you know that just one teaspoon of ground sage contains 10% of the daily value of vitamin K, which helps assist our bodies with bone health and blood clotting. The herb also has small amounts of other nutrients like magnesium and vitamin A but that’s just the beginning of this amazing herb. 

Sage is generally seen to be highly aromatic, and therefore very rich in antimicrobial compounds and thats all because of the benefits contained in its oil content. Research also suggests sage essential oil can be an very effective against airborne microorganisms, releaves body odor which means it can be used in your do-it-yourself remedies as a natural deodorant and can treat wounds and skin infections caused by staphylococcus.

The leaves are stacked with antioxidants that boast anti-inflammatory properties and help protect against free radicals. 

Sage can also help with improving memory when used as aromatherapy just by smelling its essential oil it can uplift moods and assist with anxiety as well.

The benefits go on and on so make sure to do your own research.","Dried Herbs (7GYXS5CP73OFYX3B3MZ3WPFP), Dried Herbs (MYWUWDVIY57BRTZAMQDGIUXO)",Dried Herbs (MYWUWDVIY57BRTZAMQDGIUXO),Sage Leaf Cut Sifted | Herbalistic Wellness,How many times have you wanted to just Sage away your worries? There are many myths concerning sage but the reality is way more magical. Learn more about Sage NOW!!,,,visible,Physical good,0.06,,,Y,N,Y,N,9.50,,N,,N,,Y,,,5,,,,N
EF3SS3ISDZLTJ4COZZLVQVHF,Sea Moss Gel DIY Kits - Wildcrafted,,Flavor: Irish Sea Moss Kit,,T791703,"Herbalistic Wellness DIY Sea Moss Gel Kits are great for the type of person that like to be especially conscious about everything they put in there body. Would you like to make Sea Moss apart of your daily regimen but rather make it yourself? Herbalistic Wellness DIY Sea Moss Kits are packed with all the vitamins and minerals like magnesium, vitamin A, vitamin K, and omega-3 fatty acids, that sea moss naturally offers, which help to hydrate and promote healthy skin cell & body function. While there's no scientific evidence on the amount of sea moss you should look for in a product to reap the skin benefits it offer, one spoonful a day when added to your drinks or smoothies typically is best to get your daily dose. it's absolutely amazing ti use topically so your skin can absorb the vitamins and minerals Sea Moss provides...Remember the skin is your bodies largest organ. 

**Try out our DIY Sea Moss Kit Blends**

Sea Moss Infused with Burdock Root:
Burdock may be considered a remedy for a wide range of ailments. In traditional medicine, burdock fruits, seeds, roots, and leaves have been used as decoctions or teas for colds, gout rheumatism, stomach ailments, it promote urination, increase sweating, facilitated regular bowel movements, & is even promoted as an aphrodisiac.


SEA MOSS & BUTTERFLY PEA FLOWER: Butterfly Pea Flower is supposed to be beneficial for eye health and brain health specifically cognition & memory, it is also well known to boost collagen, is said to be a mood enhancer. Also said to have stress-busting effects that may also help reduce symptoms of anxiety. Besides being completely refreshing to the brain, bolster energy levels and stamina, influence positive emotions and thereby increase productivity throughout your day. 


*NEW KITS ADDED PERIODICALLY SO CHECK BACK OFTEN.

***Would you Prefer your Sea Moss Gel made especially for you & ready to use by your Herbalist LaToya Renee', DM me your Custom Order on my shop Main Page, Choose any Herb in the shop to infuse with your custom Sea Moss Gel starting at $20 for an 8oz Jar.","Dried Herbs (7GYXS5CP73OFYX3B3MZ3WPFP), Dried Herbs > Herbie Signature Blends (HNC7APUXGQOF52OZPHV2XA5N), | Bestsellers |",| Bestsellers |,DIY Irish Seamoss Kits | Herbalistic Wellness,Herbalistic Wellness DIY Sea Moss Gel Kits are great for the type of person that like to be especially conscious about everything they put in there body. Would you like to make Sea Moss apart of your daily regimen but rather make it yourself? Visit The Shop Now,,,visible,Physical good,2,,,Y,N,Y,N,19.99,,N,,N,,N,,,4,,,,N
EKYO5PRXH4H2JTNFVGMCEX42,Sea Moss Gel DIY Kits - Wildcrafted,,Flavor: Seamoss|Burdock Kit,,Y485514,,"Dried Herbs (7GYXS5CP73OFYX3B3MZ3WPFP), Dried Herbs > Herbie Signature Blends (HNC7APUXGQOF52OZPHV2XA5N), | Bestsellers |",| Bestsellers |,,,,,visible,Physical good,2,,,,,,,24.99,,N,,,,N,,,4,,,,N
TUGY7IT64DZRJREWVYW5VTCR,Sea Moss Gel DIY Kits - Wildcrafted,,Flavor: Seamoss|ButterflyPea,,W343563,,"Dried Herbs (7GYXS5CP73OFYX3B3MZ3WPFP), Dried Herbs > Herbie Signature Blends (HNC7APUXGQOF52OZPHV2XA5N), | Bestsellers |",| Bestsellers |,,,,,visible,Physical good,2,,,,,,,24.99,,N,,,,N,,,4,,,,N
GPVA6VHHBHZ53KH4Y7E6MMY5,Sexy Organic Bath Tea or Sachet,,,,Z205772,"This ultra sexy organic bath tea is great for pampering yourself or a tub of two! A sensual combination of natural aphrodisiacs makes for an aromatherapy session that's sure to please the senses. This 4x6 muslin bag contains organic pink rose petals, organic jasmine flowers, organic lavender, organic oatstraw, and organic burdock root powder. You can leave the tea in the bag and soak like your own personal teacup or for a more sensual experience, pour the herbs straight into your bath water. 
A bath strainer is recommended for the second option This product also makes a wonderful drawer sachet leaving your unmentionables smelling oh-so-nice. Use it as a sachet while you're waiting for the perfect night to take your bath or order two! Shop Info: We believe that your skin is just as vital as any other organ in your body. Here at Herbalistic Wellness like to say ""Don't put anything on your body that you wouldn't put in it."" So, on that note, all of our products are completely edible. They may not be so tasty, however, but everything we use are non- toxic premium food grade ingredients. Can you say that about the products you're currently using? Other Info: Organic Completely cruelty free No sulfites, phthalates or parabens…ever No synthetic dyes or fragrances Completely all natural and safe zero waste company Packaging upcycled when possible Everything is made with love <3",,,,,,,unavailable,Physical good,,,,Y,,Y,,14.99,,Y,,N,,Y,,,397,,,,N
W2S6VV3VIM22USJFNQRFUKIF,Shepherd's Purse Tincture,,1oz,,HW117,"What is shepherd's purse used for?
It is also used for headache, vomiting blood, blood in the urine, diarrhea, and bladder infections. Women use shepherd's purse for premenstrual problems, long periods, and menstrual cramps. Shepherd's purse is sometimes applied directly to the skin for nosebleeds, superficial burns, and bleeding skin injuries.
What is a Tincture?
An herbal tincture is simply an herbal extract.  Herbal remedies have been used throughout history to treat illnesses and ailments without ""modern medicine"" and pharmaceuticals.  Tinctures are easy to make, home remedies.  If properly prepared and stored, your tincture will last indefinitely.



Ingredients:

Shepherd's Purse ( Capsella Bursa Pastoris ) Tops

Vodka 50% Proof",Tinctures (JITZDRL5WXAFTXLS5ZF5CWZT),Tinctures (JITZDRL5WXAFTXLS5ZF5CWZT),Shepherd's Purse Tincture | Herbalistic Wellness,"What is shepherd's purse used for? It is also used for headache, vomiting blood, blood in the urine, diarrhea, and bladder infections. Women use shepherd's purse for premenstrual problems, long periods, and menstrual cramps. Shepherd's purse is sometimes applied directly to the skin for nosebleeds, superficial burns, a…",,,unavailable,Physical good,,,,Y,,Y,Y,26.89,,Y,,N,,Y,,,,,,,Y
37JZFDXNSTP5ZMKYNJDXXQ5I,Slippery Elm Tincture,,1oz,,HW116,"Slippery elm is a tree. The inner bark (not the whole bark) is used as medicine. People take slippery elm for coughs, sore throat, colic, diarrhea, constipation, hemorrhoids, irritable bowel syndrome (IBS), bladder and urinary tract infections, syphilis, herpes, and for expelling tapeworms.
What is a Tincture?
An herbal tincture is simply an herbal extract.  Herbal remedies have been used throughout history to treat illnesses and ailments without ""modern medicine"" and pharmaceuticals.  Tinctures are easy to make, home remedies.  If properly prepared and stored, your tincture will last indefinitely.


Ingredients:

Slippery Elm  ( Ulmus Fulva or Ulmus rubra ) Bark

Vodka 25% Proof","Tinctures (JITZDRL5WXAFTXLS5ZF5CWZT), Tinctures (NC2W6DE22TUUBZSOPWT3O7JU)",Tinctures (JITZDRL5WXAFTXLS5ZF5CWZT),Slippery Elm Tincture | Herbalistic Wellness,"Slippery elm is a tree. The inner bark (not the whole bark) is used as medicine. People take slippery elm for coughs, sore throat, colic, diarrhea, constipation, hemorrhoids, irritable bowel syndrome (IBS), bladder and urinary tract infections, syphilis, herpes, and for expelling tapeworms. What is a Tincture?An herbal…
",,,unavailable,Physical good,,,,Y,,Y,Y,26.89,,Y,,N,,Y,,,,,,,Y
G3SEBH7DQLDZ52ZPOO5YHMEO,South African Rooibos,,Size: 2oz,,N683643,"Did you know the antioxidants present in Rooibos tea slow down the human aging process and boost the strength of the immune system, resulting in a more energetic, healthier and younger self. Rooibos contains polyphenols, including flavonoids, which are directly linked to combatting obesity. Rooibos tea has diuretic and anti-inflammatory properties. This makes it a stimulator for the excretion of toxins and hence is deemed safe for kidney stone patients. It is actually completely free of caffeine; which means it provides energy without disturbing the balance of hormones produced by the adrenal gland, so Rooibos tea is a great alternative for the person looking to break a coffee addiction while incorporating a caffeine free substitute that naturally boost energy without the after effects of caffeine. As you see there are many benefits of Rooibos Tea... Her are a couple more that you may find very useful: Benefits of Rooibos Tea Aids Weight Loss Improves Appearance of Skin","Dried Herbs (7GYXS5CP73OFYX3B3MZ3WPFP), Dried Herbs (MYWUWDVIY57BRTZAMQDGIUXO)",Dried Herbs (MYWUWDVIY57BRTZAMQDGIUXO),South African Rooibos | Herbalistic Wellness,"Did you know the antioxidants present in Rooibos tea slow down the human aging process and boost the strength of the immune system, resulting in a more energetic, healthier and younger self. Visit Us To Learn More upto 15% off today! FREE SHIPPING OVER $35 LOCAL DELIVERY AVAILABLE",,,visible,Physical good,0.19,,,Y,,N,,9.50,,N,,,,Y,,,3,,,,N
4YFOURXHEVEUGSGQUKXONEDV,Spearmint Leaf | Loose Organic Premium Herb,,w/Tea Bags .5oz,,948306J,"Spearmint Leaf also known as common mint, mackerel mint, and lamb mint, is a tasty potent natural sweetener great when trying to overcome a sugar addiction but more importantly it's a herbal remedy for a host of health benefits includes enhancement of the immune system, boosting blood circulation, optimize hormonal levels, relieving stress and alleviating cardiac troubles.

Spearmint has been used for ages in several holistic treatments including Ayurveda, Unani and Chinese medicines. Ayurveda strongly advocates the effectiveness of spearmint tea for relieving gastrointestinal troubles, soothing the stomach and colic pain in infants and treat irritable bowel syndrome, abdominal cramp, and flatulence.

Apart from being used in several hygiene products like toothpaste, mouth wash to add flavor, it has also been use in many DYI and commercial soaps and being whipped into cocktails, sauces, dips, and delicacies, the immense benefits of spearmint can also be enjoyed as a health drink like spear","Dried Herbs (7GYXS5CP73OFYX3B3MZ3WPFP), Dried Herbs (MYWUWDVIY57BRTZAMQDGIUXO)",Dried Herbs (MYWUWDVIY57BRTZAMQDGIUXO),Spearmint Leaf | Herbalistic Wellness,"Spearmint Leaf also known as common mint, mackerel mint, and lamb mint, is a tasty potent natural sweetener. Visit Us to Learn More Upto 15% off today! Free Shipping Over $35 Local Delivery Available",,,visible,Physical good,0.19,,,Y,,Y,,5.25,,N,,,,,,,10,,,,N
AWTHKO3VF4SX5OJKBSAXTNB3,Spearmint Leaf | Loose Organic Premium Herb,,Size: w/Tea Bags 1 fl oz,,C305904,,"Dried Herbs (7GYXS5CP73OFYX3B3MZ3WPFP), Dried Herbs (MYWUWDVIY57BRTZAMQDGIUXO)",Dried Herbs (MYWUWDVIY57BRTZAMQDGIUXO),,,,,visible,Physical good,0.4,,,,,,,10.00,,N,,,,,,,10,,,,N
544XBGFTPFKMDTSUDFOQWBP6,Spearmint Leaf | Loose Organic Premium Herb,,Size: w/Tea Bags+Scooper 3 fl oz,,1439089,,"Dried Herbs (7GYXS5CP73OFYX3B3MZ3WPFP), Dried Herbs (MYWUWDVIY57BRTZAMQDGIUXO)",Dried Herbs (MYWUWDVIY57BRTZAMQDGIUXO),,,,,visible,Physical good,0.5,,,,,,,24.75,,N,,,,,,,3,,,,N
UZHAEILLGW36FVHRKCZHGMBD,"St. John's Body Oil, Massage Oil, Sunburn Oil, rubbing oil",,Size: 2 fl oz,,N103257,"This full-strength St. John’s Wort Oil is a wonderful oil for massage, especially where there is soreness, stiffness, and muscle or nerve pain, such as sciatica. St. John’s Wort Oil promotes and speeds the natural healing of burns, wounds, shingles, herpes, and cold sores.

Our St. John’s Wort Infused Oil promotes overall optimal skin health and may also be beneficial in protecting the skin from the effects of sun exposure and/or spreading up your natural healing time.




These statements have not been evaluated by the Food and Drug Administration. This product is not intended to diagnose, treat, cure, or prevent any disease.


Herbalistic Wellness is a proud supporter of the National Multiple Sclerosis Society Visit them today to donate @ www.nationalmssociety.org","Herbal Infused Oils (DXZSPU4M3C4C3KYLR7ZMTCV3), Oils\, Creams\, & Salves",Herbal Infused Oils (DXZSPU4M3C4C3KYLR7ZMTCV3),St. John's Wort Oil | Herbalistic Wellness,"St. John’s Wort Oil is a wonderful oil for massage, especially where there is soreness, stiffness, and minor muscle or nerve pain. Handcrafted By Herbalist LaToya Renee'. All Natural, Vegan Herbal Infused Oil as seen on Etsy ...SHOP NOW!!",,,visible,Physical good,0.31,,,Y,,Y,,24.99,,N,,,,Y,,,5,,,,N
IKQLP2TPJQOEEUBQYUONJMXB,"St. Johns Wort (DRIED), Mood Regulating Herb, Herbal Healing, DIY Herbal Infusions",,Size: 2oz,,C995059,"St. John's wort is most commonly used for depression  and conditions that sometimes go along with depression such as anxiety, tiredness, loss of appetite and trouble sleeping. There is some strong scientific evidence that it is effective for mild to moderate depression but not as affective for severe depression.

Other uses include heart palpations, moodiness and other symptoms of Menopause, mental disorders that present physical symptoms, premenstrual syndrome  (PMS), attention  deficit-hyperactivity disorder (OCD), Social Phobia, seasonal affective disorder  (SAD).
St. John's wort has been tried to help quit smoking, for fibromyalgia , chronic fatigue syndrome (CFS), burning feelings in the mouth, migraines and other types of headaches, muscle pain, nerve pain and nerve damage throughout the body, pain that travels down the sciatic nerve in the leg and IBS. It is also used to aid weight loss, and to ease symptoms of a disease that causes the skin to lose color.
An oil can be made from St","Dried Herbs (7GYXS5CP73OFYX3B3MZ3WPFP), Dried Herbs (MYWUWDVIY57BRTZAMQDGIUXO)",Dried Herbs (MYWUWDVIY57BRTZAMQDGIUXO),,"St. John's wort is most commonly used for depression  and conditions that sometimes go along with depression such as anxiety, tiredness, loss of appetite and trouble sleeping. Learn More Visit Us Today Local Delivery Available",,,visible,Physical good,0.19,,,Y,,Y,,13.50,,N,,,,Y,,,9,,,,Y
JYGIK7CPORIIOHWU5I4VLXER,Stinging Nettle,,Regular,,741626C,,,,,,,,unavailable,Physical good,,,,Y,,Y,,9.00,,Y,,N,,Y,,,-1,,,,Y
USO5MFSOWBNSARGVOFYU6BQ3,Tea Tree & Peppermint Artisan Soap,,Size: 1 Bar - 4 fl oz,,799671V,"Tea tree & Peppermint Artisan Soap is the perfect body cleanser and is gentle enough to use on the face as well, it is a popular choice for easing body acne because of its anti-inflammatory and antimicrobial properties. It’s thought to calm redness, swelling, and inflammation. It may even help to prevent and reduce acne scars, leaving you with smooth, clear skin. The Tea Tree oil in the Tea Tree & Peppermint Soap should start to clear up mild symptoms within a few days of consistent use. The Peppermint essential oil naturally cleanses the skin and has antiseptic and antibacterial properties. It has a cooling effect which soothes irritation and inflammation due to acne. It may take longer for some conditions to heal completely when dealing with severe ance but you may choose to use our Calming Blend Acne Astringent infused with tea tree oil also as a face cleaner & toner to help tame unwanted acne or to prevent further recurrences. Use in conjunction with this soap for the best results.




These statements have not been evaluated by the Food and Drug Administration. This product is not intended to diagnose, treat, cure, or prevent any disease.


Herbalistic Wellness is a proud supporter of the National Multiple Sclerosis Society Visit them today to donate @ www.nationalmssociety.org","Natural Soaps (AX42VQEBDEF5EICCHMADKL3U), Soaps",Natural Soaps (AX42VQEBDEF5EICCHMADKL3U),Tea Tree Peppermint Handcrafted Soap | Herbalistic Wellness,"Tea tree & Peppermint Artisan Soap is the perfect body cleanser and is gentle enough to use on the face as well, it is a popular choice for easing body acne. FREE Shipping Over $35 Local Delivery Available",,,visible,Physical good,0.25,,,Y,,Y,,6.50,,N,,,,,,,13,,,,N
RNEFIN4DZ2KO5OE5JX33UNUV,Tea Tree & Peppermint Artisan Soap,,Size: 2 Bars - 8 fl oz,,P550629,,"Natural Soaps (AX42VQEBDEF5EICCHMADKL3U), Soaps",Natural Soaps (AX42VQEBDEF5EICCHMADKL3U),,,,,visible,Physical good,0.5,,,,,,,13.50,,N,,,,,,,10,,,,N
IXLBHEHORGNXG4F76LAUZB7E,The Formulators Collective: Founder Circle Pass,,Regular,,Course-1.2,Subscribe for a 1 Week FREE Trial of Access to The Formulators Collective or secure your spot today!,"Categories, Courses",Categories,,,,,visible,Other,,,,,,,,147.75,,N,,N,,N,,,1000,,,,Y
L4QQ5IASQGCCXTYWX5LOST5M,The Formulators Collective: Full Course Lifetime Pass,,Regular,,Course-1,,Courses,Courses,,,,,visible,Other,,,,,,,,197.00,,N,,N,,N,,,1000,,,,Y
A2CI4N5ZSQI2RIZECZY33CRM,Turmeric Frankincense and Myrrh Artisan Soap | Herbalistic Wellness,,Size: 4 fl oz,,V883948,"Turmeric Frankincense & Myrrh Repair Soap is a mild strength Turmeric Bar that will naturally hydrate the skin and will enhance your complexion after every use. Turmeric is well known to reduce dark scars and undereye circles, reduces the appearance of stretch marks, fights off acne, protects against sun damage, aging, & soothes your dry skin gently for radiant skin. This version of our Turmeric soap is for people that want the benefits of turmeric in soap but want a milder bar that has a strong lasting scent while helping to even out your skin tone and complexion as well as helps to retain the skin's elasticity making it more supple.

This bar is Infused with the benefits of Frankincense and Myrrh as a natural aid for the skin. This bar effectively cleans, moisturizes, and tightens the skin. This combination infused with Turmeric Root makes an amazing daily bath bar That when layered with our other Frankincense products leaves your skin clean,healthy, hydrated, and smelling amazing.




These statements have not been evaluated by the Food and Drug Administration. This product is not intended to diagnose, treat, cure, or prevent any disease.


Herbalistic Wellness is a proud supporter of the National Multiple Sclerosis Society Visit them today to donate @ www.nationalmssociety.org","Natural Soaps (AX42VQEBDEF5EICCHMADKL3U), Natural Soaps (CXBRCNKXBOELU4ESN7OTRRSK), Soaps",Natural Soaps (AX42VQEBDEF5EICCHMADKL3U),Turmeric Frankincense and Myrrh Soap | Herbalistic Wellness,Turmeric Frankincense & Myrrh Repair Soap is a mild strength Turmeric Bar that naturally hydrates the skin and enhances complexion. Shop Now Upto 15% Off Free Shipping Over $35 Local Delivery Available,,,visible,Physical good,0.25,,,Y,,Y,,7.50,,N,,,,,,,9,,,,N
AFOP24FESMCQPJH2RHNJYSNE,Turmeric Frankincense and Myrrh Artisan Soap | Herbalistic Wellness,,Size: 2 bars for 12- 8 fl oz,,173854F,,"Natural Soaps (AX42VQEBDEF5EICCHMADKL3U), Natural Soaps (CXBRCNKXBOELU4ESN7OTRRSK), Soaps",Natural Soaps (AX42VQEBDEF5EICCHMADKL3U),,,,,visible,Physical good,0.5,,,,,,,14.00,,N,,,,,,,2,,,,N
5ZZ5M5HH77JDJRZUIQKSIQIP,"Turmeric Ginger Lemon Body Oil, Ance Reducing Oil, Massage Oil, Skin Oil, Herbal Infused Oil",,Volume: 1 Fluid ounces,,H022743,"Turmeric Ginger & Lemon Oil is formulated with our special blend of carrier oils & is designed to be used on acne. Being an anti-fungal and antiseptic, it will dry out the pimples and also prevent further breakouts. Turmeric is often used as in anti-marks and anti-spots herbal preparation. When used persistently, turmeric ginger & lemon oil can fade acne gradually & reduce marks giving you a blemish-free glow on your skin with this anti-inflammatory oil. 

Please be advised: Turmeric can naturally stain clothing so do not used an excess but easily washes away during cleaning.



These statements have not been evaluated by the Food and Drug Administration. This product is not intended to diagnose, treat, cure, or prevent any disease.


Herbalistic Wellness is a proud supporter of the National Multiple Sclerosis Society Visit them today to donate @ www.nationalmssociety.org","Herbal Infused Oils (DXZSPU4M3C4C3KYLR7ZMTCV3), Oils\, Creams\, & Salves",Herbal Infused Oils (DXZSPU4M3C4C3KYLR7ZMTCV3),Turmeric Ginger & Lemon Oil | Herbalistic Wellness,"Turmeric Ginger & Lemon Oil Glow Serum is formulated with our special blend of carrier oils & is designed to be used on acne, breakouts, & blemishes. FREE SHIPPING OVER $35 LOCAL DELIVERY AVAILABLE",,,visible,Physical good,0.31,,,Y,,Y,,12.99,,N,,,,,,,4,,,,N
LEDR7GYZ2RQAP4KS573PM4GB,"Turmeric Ginger Lemon Body Oil, Ance Reducing Oil, Massage Oil, Skin Oil, Herbal Infused Oil",,Volume: 2 Fluid ounces,,N820367,,"Herbal Infused Oils (DXZSPU4M3C4C3KYLR7ZMTCV3), Oils\, Creams\, & Salves",Herbal Infused Oils (DXZSPU4M3C4C3KYLR7ZMTCV3),,,,,visible,Physical good,0.31,,,,,,,24.99,,N,,,,,,,2,,,,N
RIFG3OKI7L2AVTPC4GXYA22W,Turmeric Lemon Body Butter,,,,11,"Herbalistic Wellness Turmeric Lemon Body Butter, An excellent herbal infused, rejuvenating, moisturizing, and balancing body butter. All natural, handcrafted & made to order! Brightens scars & blemishes with it's herbal infusion of Turmeric which aid the skin in repair & reducing acne and body scars. The anti-inflammatory qualities can target your skins pores and assist in calming the skin when used daily which is why Turmeric is known to reduce scarring world wide. This is the perfect repair butter for daily use for beautiful skin glowing skin.

These statements have not been evaluated by the Food and Drug Administration. This product is not intended to diagnose, treat, cure, or prevent any disease.

Herbalistic Wellness is a proud supporter of the National Multiple Sclerosis Society Visit them today to donate @ www.nationalmssociety.org","Body Butter (OGYE3MV5K7KL3KRFLVZGTW2U), | Bestsellers |",| Bestsellers |,,,,,unavailable,Physical good,,,,Y,,Y,,12.49,,Y,,N,,Y,,,46,,,,N
UISG46NYC4H4NJARMWK7EJF5,"Turmeric Lemon Body Butter, Turmeric Lemon Body Cream, Turmeric Lemon Moisturizer",,Volume: 8 Fluid ounces,,V006618,"Herbalistic Wellness Turmeric Lemon Body Butter, An excellent herbal infused, rejuvenating, moisturizing, and balancing body butter. All natural, handcrafted & made to order! Brightens scars & blemishes with it's herbal infusion of Turmeric which aid the skin in repair & reducing acne and body scars. The anti-inflammatory qualities can target your skins pores and assist in calming the skin when used daily which is why Turmeric is known to reduce scarring world wide.  This is the perfect repair butter for daily use for beautiful skin glowing skin.


These statements have not been evaluated by the Food and Drug Administration. This product is not intended to diagnose, treat, cure, or prevent any disease.


Herbalistic Wellness is a proud supporter of the National Multiple Sclerosis Society Visit them today to donate @ www.nationalmssociety.org","Body Butter (NZQPHPQAHSK6TINNNAVUJJMR), Body Butter (OYK5P6UIJLMXDPBGQ6QYYLKL), Body Butter > Bath Scrub > Body Butter (GVG7GF5OP7L2LJPK3DVMV7DA)",Body Butter (NZQPHPQAHSK6TINNNAVUJJMR),Turmeric Lemon Body Butter | Herbalistic Wellness,"Herbalistic Wellness Turmeric Lemon Body Butter is an excellent herbal infused, rejuvenating, moisturizing, and balancing body butter. Shop Now  upto 15% off today! Free Shipping Over $35 Local Delivery Available",,,visible,Physical good,1,,,Y,,Y,N,19.99,,N,,,,Y,,,10,,,,Y
BG3LTLXFDH3IAAFYQCRGQTPW,Turmeric Root Repair Soap,,Size: 4 fl oz,,Z788425,"Turmeric Root Repair Soap will naturally exfoliate the skin and will enhance your complexion with extra glow after every use. It does not take long to visibly see the benefits of this soap on the skin. Turmeric has very strong anti-inflammatory properties, which reduces dark scars and circles, reduces the appearance of stretch marks, fights off acne by keeping bacteria from spreading, protects against sun damage, aging, & soothes your dry skin gently for radiant skin. This herb helps to even out your skin tone and complexion as well as helps to retain the skin's elasticity making it more supple.",| Bestsellers |,| Bestsellers |,Turmeric Root Repair Soap,Turmeric Root Repair Soap will naturally exfoliate the skin and will enhance your complexion with extra glow after every use. On Sale Now 2 for 12,,,visible,Physical good,0.25,,,Y,,Y,Y,6.50,,N,,,,N,,,,,,,N
VHLLKPCN7CAQ2DYV5MNAYGSC,Turmeric Root Repair Soap,,Size: 2 for 12,,132365V,,| Bestsellers |,| Bestsellers |,,,,,visible,Physical good,0.5,,,,,,,12.00,,N,,,,N,,,,,,,N
3VQWL77ZOY5KNHY2HLEW7OVK,Turmeric Root Soap,,Size: 4 fl oz,,L345929,"Introducing our Turmeric Root Repair Soap – the perfect solution for radiant and supple skin. Our soap is designed to visibly enhance the skin's appearance, with strong anti-inflammatory properties that reduce the appearance of dark scars, circles, and stretch marks.

With its ability to fight off acne-causing bacteria, protect against sun damage, and soothe dry skin, our soap is an ideal choice for maintaining healthy and youthful-looking skin. Turmeric Root is also known for its ability to even out skin tone and complexion while retaining the skin's natural elasticity, making it more supple.
Our Turmeric Root Repair Soap is specially formulated not to stain your shower or tub, while still effectively washing away impurities. Don't take our word for it, see what our happy customers have to say on Etsy!

At Herbalistic Wellness, we're committed to supporting a good cause. We proudly support the National Multiple Sclerosis Society and encourage you to visit their website to donate.

Please note that these statements have not been evaluated by the Food and Drug Administration. Our product is not intended to diagnose, treat, cure, or prevent any disease. Give our best-selling Turmeric Root Repair Soap a try and experience the benefits for yourself!","Dried Herbs (7GYXS5CP73OFYX3B3MZ3WPFP), Natural Soaps (AX42VQEBDEF5EICCHMADKL3U), Natural Soaps (CXBRCNKXBOELU4ESN7OTRRSK), Soaps",Natural Soaps (AX42VQEBDEF5EICCHMADKL3U),Turmeric Root Repair Soap BESTSELLER | Herbalistic Wellness,Experience the natural exfoliating properties of Turmeric Root Repair Soap and achieve a radiant complexion with a healthy glow after every use. See visible results on your skin in no time. Visit us now and let nature inspire you with up to 15% off your purchase. Don't miss out on the benefits of this amazing product. Shop now.,,,unavailable,Physical good,0.25,,,Y,,Y,N,6.50,5.20,Y,,N,,Y,,,13,,,,N
TNPSHZY6HC57ROWYFO6NEU2H,Turmeric Tincture,,Volume: 1 Fluid ounces,,8629475,"The turmeric plant produces the turmeric root in making our tinctures. It is most notably known as a spice used in Asian food. The root of turmeric is also used and known widely to be the medicinal part of the plant used to make medicine. It contains a yellow-colored chemical called curcumin, which has many benefits when used in a tincture.
Turmeric is often used for conditions involving pain and inflammation, such as osteoarthritis. It is also used for hay fever, depression, high cholesterol, and itching Some people use turmeric for heartburn, thinking and memory skills, to help ease inflammation which can exacerbate Inflammatory Bowel Disease and Crohnes Disease, and many other conditions like Multiple Sclerosis.",Tinctures (JITZDRL5WXAFTXLS5ZF5CWZT),Tinctures (JITZDRL5WXAFTXLS5ZF5CWZT),,,,,unavailable,Physical good,,,,Y,,Y,Y,17.89,,Y,,N,,Y,,,,,,,N
VJCRDVAC6CE3A72UQZPZIJGI,Valerian Root,,2oz Cut & Sifted,,K630936,"Do you suffer from insomnia or are you just sick and tired of not getting a decent night’s sleep and need a sleep aid that also acts as a muscle relaxant? Did you know that Valerian Root has been used to ease insomnia, anxiety, relax muscles, as an anti-spasmatic and for nervous restlessness since the second century A.D.? Known as natures tranquilizer by Herbalist and Naturopathic Physicians world wide.

Valerian is a plant that typically bears clusters of small pink or white flowers. Native to Eurasia, several species have been introduced to North America. Medicine is made from the root of this plant.

Valerian is most commonly used for sleep disorders, especially the inability to sleep (Insomnia). It is frequently combined with hops, lemon balm, or other herbs that also cause drowsiness. Some people who are trying to withdraw from the use of “sleeping pills” use valerian to help them sleep after they have tapered the dose of the sleeping sleeping pill with a doctor's permission and oversight. 

Valerian is also used for issues connected to anxiety and psychological stress including nervous asthma, hysterical states, excitability, fear of illness (hypochondria), headaches, migraine, and even calms essential tremors in some. 





These statements have not been evaluated by the Food and Drug Administration. This product is not intended to diagnose, treat, cure, or prevent any disease.


Herbalistic Wellness is a proud supporter of the National Multiple Sclerosis Society Visit them today to donate @ www.nationalmssociety.org","Dried Herbs (7GYXS5CP73OFYX3B3MZ3WPFP), Dried Herbs (MYWUWDVIY57BRTZAMQDGIUXO)",Dried Herbs (MYWUWDVIY57BRTZAMQDGIUXO),Valerian Root | Herbalistic Wellness,"Valerian is an herb. Medicine is made from the root.
Valerian is most commonly used for sleep disorders, especially the inability to sleep (Insomnia)..Shop Now Upto 15% off!",,,visible,Physical good,0.16,,,Y,,Y,,15.00,,N,,,,N,Size,2oz Cut & Sifted,23,,,,Y
2AH5P4XGZKU37DH44J7SE72C,Valerian Root,,2oz Whole Root Pieces,,5710593,,"Dried Herbs (7GYXS5CP73OFYX3B3MZ3WPFP), Dried Herbs (MYWUWDVIY57BRTZAMQDGIUXO)",Dried Herbs (MYWUWDVIY57BRTZAMQDGIUXO),,,,,visible,Physical good,0.16,,,,,,,14.50,,N,,,,N,Size,2oz Whole Root Pieces,6,,,,Y
XTUWJG6PYXUY6RN5OIIKWRIS,Valerian Root,,.08 Powered,,B233282,,"Dried Herbs (7GYXS5CP73OFYX3B3MZ3WPFP), Dried Herbs (MYWUWDVIY57BRTZAMQDGIUXO)",Dried Herbs (MYWUWDVIY57BRTZAMQDGIUXO),,,,,visible,Physical good,0.08,,,,,,,8.50,,N,,,,N,Size,.08 Powered,9,,,,Y
NJ76EGHUOCMPAITCMSOT5IEJ,Whipped Shea Butter,,Size: 8oz,,994814Y,"Is it good to use shea butter as a daily moisturizer for your skin?

Did you know that the high concentrations of fatty acids and vitamins make shea butter an ideal cosmetic ingredient for softening and repairing skin. 

Shea butter is a fat extracted from the nut of the African shea tree. It is ivory in color when raw and commonly dyed yellow with borututu root or palm oil.

Shea butter is known for it's anti-inflammatory and healing properties. Using shea butter on your body, especially your face, can condition, tone, and soothe your skin

Shea butter takes four days to clear nasal congestion, three months to soothe and soften skin, and up to six months to eliminate or reduce scars. You should leave shea butter applied for eight hours daily. 

Shea butter is long lasting natural moisturizer but can go bad after about 12 months, so ensure you use it enough to keep it from going rancid.

Used topically, Shea Butter is known to be a “skin superfood” that nourishes skin to promote its clarity and addresses problems such as dryness, blemishes, dark spots, discolorations, stretch marks, and wrinkles without clogging pores. It's even a great product to use in natural hair. With this fragrance free all natural vegan moisturizer packaged in Herbalistic Wellness signature glass reusable containers you can not go wrong with this purchase!!




These statements have not been evaluated by the Food and Drug Administration. This product is not intended to diagnose, treat, cure, or prevent any disease.


Herbalistic Wellness is a proud supporter of the National Multiple Sclerosis Society Visit them today to donate @ www.nationalmssociety.org","Body Butter (NZQPHPQAHSK6TINNNAVUJJMR), Body Butter (OYK5P6UIJLMXDPBGQ6QYYLKL)",Body Butter (NZQPHPQAHSK6TINNNAVUJJMR),Whipped Shea Butter | Herbalistic Wellness,"All natural Whipped Shea Butter by Herbalistic Wellness boosts skin moisture and acts as a natural protectant especially during the winter months. It works as an emollient that softens and hydrates the skin naturally. As a matter of fact, It's so good for the skin it's one of the main ingredients in our collection of Herbal Infused Body Butters & Handcrafted Soaps, give it a try for yourself!! Visit Us Today",,,visible,Physical good,1.5,,,Y,,Y,,14.99,,N,,,,Y,,,4,,,,N
ATAEG2KKFFM4XXZJHG5MM57G,White Oak Tincture,,1oz,,HW102,"White Oak Bark is a powerful astringent that has been used for centuries to control diarrhea, internal and external bleeding, excessive menstrual flow, nosebleeds and hemorrhoids. It is also a potent antiseptic that has helped to control bacterial invasion and infection and has been employed to relieve vaginal and bladder infections, excessive menstrual flow and hemorrhages, including hemorrhaging of the lungs, bowels, stomach and spitting of blood.

As a diuretic that increases the flow of urine, White Oak Bark helps to expel mucous discharge, flush out kidney stones and gallstones, and improve the health of the bladder. It is also said to be helpful for bloody urine. Furthermore, White Oak is believed to normalize the function of the kidney, liver and spleen and has been used to relieve jaundice and other liver ailments.

White Oak Bark is considered a strong antiseptic, it has been very helpful in treating a wide variety of infections, such as vaginal infection (including vaginitis and leukorrhoea), gleet (urethritis), bladder infection, chancre (canker) sores and venereal diseases.

As an antiseptic and parasitic agent it destroys and expels worms (including pinworms) and other parasites from the intestinal tract.

When used externally, it can control and stop bleeding by providing a protective coat which regeneration of new tissues may take place, and has been very useful in treating burns, wounds, bee stings, skin abrasions and bleeding or infected mouth sores.

White Oak Bark's astringents are utilized in topical medicines to relieve flabby ulcers, in douches for vaginal and cervical discharges and in washes for hemorrhoids. Further supporting White Oak's astringent qualities, it is said to help relieve goiter and swelling of the neck and varicose veins. It is also thought to reduce swelling and hard tumors when applied topically.

Ingredients: White Oak Bark and 90% proof grain alcohol. 

Dosage: Use 6-12 drops in juice, water, under the tongue or as desired. May be taken 3 times daily. Shake well. Always store in cool dark place. Keep out of reach of children.

Currently, there are no known warnings with the use of White Oak Bark; however, it should be noted that prolonged use of astringents is not recommended.

Disclaimer: The information presented herein by Herbalistic Wellness is intended for educational purposes only. These statements have not been evaluated by the FDA and are not intended to diagnose, cure, treat or prevent disease. Individual results may vary, and before using any supplements, it is always advisable to consult with your own health care provider.","Tinctures (JITZDRL5WXAFTXLS5ZF5CWZT), Tinctures (NC2W6DE22TUUBZSOPWT3O7JU)",Tinctures (JITZDRL5WXAFTXLS5ZF5CWZT),White Oak Bark Tincture | Herbalistic Wellness ,"White Oak Bark is a powerful astringent that has been used for centuries to control diarrhea, internal and external bleeding, excessive menstrual flow, nosebleeds and hemorrhoids. It is also a potent antiseptic that has helped to control bacterial invasion and infection and has been employed to relieve vaginal and blad…

",,,unavailable,Physical good,,,,Y,,Y,Y,22.89,,Y,,N,,Y,,,,,,,Y
PU7NL5OG5BRUKZHWQ36UCIWJ,Wholesale Herbal Infused Handmade Soaps,,"Size: 6 Bars | each 4 fl oz, Scent: Turmeric Root Soap",,437388B,"Looking for all-natural vegan soaps that are handcrafted with love and care? Look no further than Herbalistic Wellness! Our Lavender Oatmeal, Turmeric Root Repair, Tea Tree & Peppermint, Peach Mango, Oatmeal Honey, and Orange & Calendula artisan soaps are sure to leave your skin feeling refreshed, moisturized, and glowing.
Our Lavender Oatmeal soap is perfect for dry, itchy, and sensitive skin. Loaded with vitamins, minerals, antioxidants, and lipids, this soap is a real skin quencher that provides deep hydration and nourishment. The oatmeal in the soap has potent emollient properties, making it a great moisturizer that forms a protective barrier to keep skin hydrated. It also acts as a gentle exfoliator, removing dead skin cells and revealing smoother, brighter skin. Lavender oil in the soap provides a calming and soothing effect that promotes relaxation and reduces stress. Our Lavender Oatmeal soap is suitable for all skin types, including those with acne, eczema, and psoriasis.
Looking for a soap that can improve your skin's texture, tone, and elasticity? Try our Turmeric Root Repair soap! This soap contains turmeric, which has strong anti-inflammatory properties that reduce dark scars and circles, fights off acne, protects against sun damage and aging, and soothes dry skin. The soap gently exfoliates your skin, removing dead cells and promoting cell turnover for a brighter, more even complexion. Turmeric in the soap helps to retain the skin's elasticity and improve its suppleness.
Our Tea Tree & Peppermint soap is perfect for those who suffer from acne and other skin conditions. Tea tree oil in the soap has anti-inflammatory and antimicrobial properties that help to calm redness, swelling, and inflammation, preventing further breakouts. Peppermint oil naturally cleanses the skin and has antiseptic and antibacterial properties that leave your skin feeling clean, refreshed, and soothed. Use our Calming Blend Acne Astringent in conjunction with this soap to tame unwanted acne or prevent further recurrences for the best results.
Looking for a gentle and moisturizing soap that is perfect for sensitive skin? Try our Orange & Calendula soap! This soap contains calendula, a useful ingredient in beauty products due to its anti-inflammatory properties. It eases eczema and psoriasis, provides antioxidant benefits, and gently removes makeup. The soap is made with an olive oil base, which gives a clean and buttery feel despite minimal lather. This gentle soap is perfect for those with sensitive skin who want to moisturize and nourish their skin without irritation.
All of our artisan soaps are handcrafted with the finest natural ingredients and are 100% vegan. And now, for a limited time, we are offering a 20% discount on all wholesale purchases! Try our soaps today and experience the difference that all-natural, vegan, and handcrafted soaps can make for your skin. Please note that these statements have not been evaluated by the Food and Drug Administration. This product is not intended to diagnose, treat, cure, or prevent any disease.","Natural Soaps (CXBRCNKXBOELU4ESN7OTRRSK), Soaps, Wholesale (FJNAFZPOM5N3N6RFMZXQR7BK), Wholesale (QMBXQQU2TW5MA7B3PM476PXI)",Wholesale (QMBXQQU2TW5MA7B3PM476PXI),Herbalistic Wellness Handcrafted Artisan Soap,"Shop Now Herbalistic Wellness Handcrafted All Natural Vegan Artisan Soaps 
Priced at 20% DISCOUNT FOR ALL WHOLESALE PURCHASES
SHIPPING IS $7.75 for USPS Priority Mail 1-4 Day Delivery in the US.",,,unavailable,Physical good,12,,,Y,,Y,,31.20,24.96,Y,,N,,N,,,,,,,N
6I2YMRIVTI633KVM7MVWXOLP,Wholesale Herbal Infused Handmade Soaps,,"Size: 6 Bars | each 4 fl oz, Scent: Orange & Calendula",,V530713,,"Natural Soaps (CXBRCNKXBOELU4ESN7OTRRSK), Soaps, Wholesale (FJNAFZPOM5N3N6RFMZXQR7BK), Wholesale (QMBXQQU2TW5MA7B3PM476PXI)",Wholesale (QMBXQQU2TW5MA7B3PM476PXI),,,,,unavailable,Physical good,12,,,,,,,31.20,24.96,Y,,,,N,,,,,,,N
VZ3M44EA33APVF4PV4UWIW2I,Wholesale Herbal Infused Handmade Soaps,,"Size: 6 Bars | each 4 fl oz, Scent: Rosemary & Lemon",,E012289,,"Natural Soaps (CXBRCNKXBOELU4ESN7OTRRSK), Soaps, Wholesale (FJNAFZPOM5N3N6RFMZXQR7BK), Wholesale (QMBXQQU2TW5MA7B3PM476PXI)",Wholesale (QMBXQQU2TW5MA7B3PM476PXI),,,,,unavailable,Physical good,12,,,,,,,31.20,24.96,Y,,,,N,,,,,,,N
VXCRRRPDNBXPEFA6IAWOMNYY,Wholesale Herbal Infused Handmade Soaps,,"Size: 6 Bars | each 4 fl oz, Scent: Lavender & Oatmeal",,8913965,,"Natural Soaps (CXBRCNKXBOELU4ESN7OTRRSK), Soaps, Wholesale (FJNAFZPOM5N3N6RFMZXQR7BK), Wholesale (QMBXQQU2TW5MA7B3PM476PXI)",Wholesale (QMBXQQU2TW5MA7B3PM476PXI),,,,,unavailable,Physical good,12,,,,,,,31.20,24.96,Y,,,,N,,,,,,,N
ABZ2KZLE5S3XMOPPJ5WFIXMG,Wholesale Herbal Infused Handmade Soaps,,"Size: 6 Bars | each 4 fl oz, Scent: Tea Tree Peppermint",,667917X,,"Natural Soaps (CXBRCNKXBOELU4ESN7OTRRSK), Soaps, Wholesale (FJNAFZPOM5N3N6RFMZXQR7BK), Wholesale (QMBXQQU2TW5MA7B3PM476PXI)",Wholesale (QMBXQQU2TW5MA7B3PM476PXI),,,,,unavailable,Physical good,12,,,,,,,31.20,24.96,Y,,,,N,,,,,,,N
XVSAAAHGIYY3DUDW62SGXAAW,Wholesale Herbal Infused Handmade Soaps,,"Size: 6 Bars | each 4 fl oz, Scent: Oatmeal Honey",,4121695,,"Natural Soaps (CXBRCNKXBOELU4ESN7OTRRSK), Soaps, Wholesale (FJNAFZPOM5N3N6RFMZXQR7BK), Wholesale (QMBXQQU2TW5MA7B3PM476PXI)",Wholesale (QMBXQQU2TW5MA7B3PM476PXI),,,,,unavailable,Physical good,12,,,,,,,31.20,24.96,Y,,,,N,,,,,,,N
RRB2ET64AJ76L4DMMC6MFTTW,Wholesale Herbal Infused Handmade Soaps,,"Size: 6 Bars | each 4 fl oz, Scent: Peach Mango",,5392005,,"Natural Soaps (CXBRCNKXBOELU4ESN7OTRRSK), Soaps, Wholesale (FJNAFZPOM5N3N6RFMZXQR7BK), Wholesale (QMBXQQU2TW5MA7B3PM476PXI)",Wholesale (QMBXQQU2TW5MA7B3PM476PXI),,,,,unavailable,Physical good,12,,,,,,,31.20,24.96,Y,,,,N,,,,,,,N
U6EX3KAEC42T75BWCXRJZQZL,Wholesale Herbal Infused Handmade Soaps,,"Size: 6 Bars | each 4 fl oz, Scent: Frankincense & Myrrh",,T080521,,"Natural Soaps (CXBRCNKXBOELU4ESN7OTRRSK), Soaps, Wholesale (FJNAFZPOM5N3N6RFMZXQR7BK), Wholesale (QMBXQQU2TW5MA7B3PM476PXI)",Wholesale (QMBXQQU2TW5MA7B3PM476PXI),,,,,unavailable,Physical good,12,,,,,,,31.20,24.96,Y,,,,N,,,,,,,N
2Y3IN3WSXTIHYGOUNV432SII,Wholesale Herbal Infused Handmade Soaps,,"Size: 6 Bars | each 4 fl oz, Scent: Somali Rose",,295851D,,"Natural Soaps (CXBRCNKXBOELU4ESN7OTRRSK), Soaps, Wholesale (FJNAFZPOM5N3N6RFMZXQR7BK), Wholesale (QMBXQQU2TW5MA7B3PM476PXI)",Wholesale (QMBXQQU2TW5MA7B3PM476PXI),,,,,unavailable,Physical good,12,,,,,,,31.20,24.96,Y,,,,N,,,,,,,N
X5Q3Q47TIJYGEDJ4OFXPGX5L,Wholesale Herbal Infused Handmade Soaps,,"Size: 12 Bars | each 4 fl oz, Scent: Turmeric Root Soap",,8185118,,"Natural Soaps (CXBRCNKXBOELU4ESN7OTRRSK), Soaps, Wholesale (FJNAFZPOM5N3N6RFMZXQR7BK), Wholesale (QMBXQQU2TW5MA7B3PM476PXI)",Wholesale (QMBXQQU2TW5MA7B3PM476PXI),,,,,unavailable,Physical good,12,,,,,,,62.40,49.92,Y,,,,N,,,,,,,N
6OE3V5BDW7QX4LHAV3LXM2I2,Wholesale Herbal Infused Handmade Soaps,,"Size: 12 Bars | each 4 fl oz, Scent: Orange & Calendula",,2686675,,"Natural Soaps (CXBRCNKXBOELU4ESN7OTRRSK), Soaps, Wholesale (FJNAFZPOM5N3N6RFMZXQR7BK), Wholesale (QMBXQQU2TW5MA7B3PM476PXI)",Wholesale (QMBXQQU2TW5MA7B3PM476PXI),,,,,unavailable,Physical good,12,,,,,,,62.40,49.92,Y,,,,N,,,,,,,N
EQ6L3WJL4STNGJGP5ZSQIWMV,Wholesale Herbal Infused Handmade Soaps,,"Size: 12 Bars | each 4 fl oz, Scent: Rosemary & Lemon",,T278786,,"Natural Soaps (CXBRCNKXBOELU4ESN7OTRRSK), Soaps, Wholesale (FJNAFZPOM5N3N6RFMZXQR7BK), Wholesale (QMBXQQU2TW5MA7B3PM476PXI)",Wholesale (QMBXQQU2TW5MA7B3PM476PXI),,,,,unavailable,Physical good,12,,,,,,,62.40,49.92,Y,,,,N,,,,,,,N
YEPPY7JYMOLHLQCD7NGJLJLB,Wholesale Herbal Infused Handmade Soaps,,"Size: 12 Bars | each 4 fl oz, Scent: Lavender & Oatmeal",,3313765,,"Natural Soaps (CXBRCNKXBOELU4ESN7OTRRSK), Soaps, Wholesale (FJNAFZPOM5N3N6RFMZXQR7BK), Wholesale (QMBXQQU2TW5MA7B3PM476PXI)",Wholesale (QMBXQQU2TW5MA7B3PM476PXI),,,,,unavailable,Physical good,12,,,,,,,62.40,49.92,Y,,,,N,,,,,,,N
UTFUY4MJW4OAN4TYKWPAADF3,Wholesale Herbal Infused Handmade Soaps,,"Size: 12 Bars | each 4 fl oz, Scent: Tea Tree Peppermint",,256395Y,,"Natural Soaps (CXBRCNKXBOELU4ESN7OTRRSK), Soaps, Wholesale (FJNAFZPOM5N3N6RFMZXQR7BK), Wholesale (QMBXQQU2TW5MA7B3PM476PXI)",Wholesale (QMBXQQU2TW5MA7B3PM476PXI),,,,,unavailable,Physical good,12,,,,,,,62.40,49.92,Y,,,,N,,,,,,,N
LKYEQSNVV5QB6BVSQSKSQYPB,Wholesale Herbal Infused Handmade Soaps,,"Size: 12 Bars | each 4 fl oz, Scent: Oatmeal Honey",,C073325,,"Natural Soaps (CXBRCNKXBOELU4ESN7OTRRSK), Soaps, Wholesale (FJNAFZPOM5N3N6RFMZXQR7BK), Wholesale (QMBXQQU2TW5MA7B3PM476PXI)",Wholesale (QMBXQQU2TW5MA7B3PM476PXI),,,,,unavailable,Physical good,12,,,,,,,62.40,49.92,Y,,,,N,,,,,,,N
FY6FEDFVTRRTLNQHWOL7PFSD,Wholesale Herbal Infused Handmade Soaps,,"Size: 12 Bars | each 4 fl oz, Scent: Peach Mango",,561985H,,"Natural Soaps (CXBRCNKXBOELU4ESN7OTRRSK), Soaps, Wholesale (FJNAFZPOM5N3N6RFMZXQR7BK), Wholesale (QMBXQQU2TW5MA7B3PM476PXI)",Wholesale (QMBXQQU2TW5MA7B3PM476PXI),,,,,unavailable,Physical good,12,,,,,,,62.40,49.92,Y,,,,N,,,,,,,N
S5ORRWZVWB3XBPLSHAW36GLQ,Wholesale Herbal Infused Handmade Soaps,,"Size: 12 Bars | each 4 fl oz, Scent: Frankincense & Myrrh",,Q830316,,"Natural Soaps (CXBRCNKXBOELU4ESN7OTRRSK), Soaps, Wholesale (FJNAFZPOM5N3N6RFMZXQR7BK), Wholesale (QMBXQQU2TW5MA7B3PM476PXI)",Wholesale (QMBXQQU2TW5MA7B3PM476PXI),,,,,unavailable,Physical good,12,,,,,,,62.40,49.92,Y,,,,N,,,,,,,N
YDWQZOUFNTA3FB7PBWHMJ56L,Wholesale Herbal Infused Handmade Soaps,,"Size: 12 Bars | each 4 fl oz, Scent: Somali Rose",,B540506,,"Natural Soaps (CXBRCNKXBOELU4ESN7OTRRSK), Soaps, Wholesale (FJNAFZPOM5N3N6RFMZXQR7BK), Wholesale (QMBXQQU2TW5MA7B3PM476PXI)",Wholesale (QMBXQQU2TW5MA7B3PM476PXI),,,,,unavailable,Physical good,12,,,,,,,62.40,49.92,Y,,,,N,,,,,,,N
4RU5FZD3HEUBMIGONY7UHFSY,Wholesale Herbal Infused Handmade Soaps,,"Size: 24 Bars | each 4 fl oz, Scent: Turmeric Root Soap",,542516F,,"Natural Soaps (CXBRCNKXBOELU4ESN7OTRRSK), Soaps, Wholesale (FJNAFZPOM5N3N6RFMZXQR7BK), Wholesale (QMBXQQU2TW5MA7B3PM476PXI)",Wholesale (QMBXQQU2TW5MA7B3PM476PXI),,,,,unavailable,Physical good,12,,,,,,,124.80,99.84,Y,,,,N,,,,,,,N
5NKYKGDZODELZCP44HDQWIQ6,Wholesale Herbal Infused Handmade Soaps,,"Size: 24 Bars | each 4 fl oz, Scent: Orange & Calendula",,4358184,,"Natural Soaps (CXBRCNKXBOELU4ESN7OTRRSK), Soaps, Wholesale (FJNAFZPOM5N3N6RFMZXQR7BK), Wholesale (QMBXQQU2TW5MA7B3PM476PXI)",Wholesale (QMBXQQU2TW5MA7B3PM476PXI),,,,,unavailable,Physical good,12,,,,,,,124.80,99.84,Y,,,,N,,,,,,,N
G53N437BQG57N4NKPQF7PLE4,Wholesale Herbal Infused Handmade Soaps,,"Size: 24 Bars | each 4 fl oz, Scent: Rosemary & Lemon",,9594260,,"Natural Soaps (CXBRCNKXBOELU4ESN7OTRRSK), Soaps, Wholesale (FJNAFZPOM5N3N6RFMZXQR7BK), Wholesale (QMBXQQU2TW5MA7B3PM476PXI)",Wholesale (QMBXQQU2TW5MA7B3PM476PXI),,,,,unavailable,Physical good,12,,,,,,,124.80,99.84,Y,,,,N,,,,,,,N
O5SP4D6W2VX2WDDGJCEZ2A6Q,Wholesale Herbal Infused Handmade Soaps,,"Size: 24 Bars | each 4 fl oz, Scent: Lavender & Oatmeal",,398354F,,"Natural Soaps (CXBRCNKXBOELU4ESN7OTRRSK), Soaps, Wholesale (FJNAFZPOM5N3N6RFMZXQR7BK), Wholesale (QMBXQQU2TW5MA7B3PM476PXI)",Wholesale (QMBXQQU2TW5MA7B3PM476PXI),,,,,unavailable,Physical good,12,,,,,,,124.80,99.84,Y,,,,N,,,,,,,N
KIEBAD5AB2PNKNWKDYYQ6A6C,Wholesale Herbal Infused Handmade Soaps,,"Size: 24 Bars | each 4 fl oz, Scent: Tea Tree Peppermint",,398138X,,"Natural Soaps (CXBRCNKXBOELU4ESN7OTRRSK), Soaps, Wholesale (FJNAFZPOM5N3N6RFMZXQR7BK), Wholesale (QMBXQQU2TW5MA7B3PM476PXI)",Wholesale (QMBXQQU2TW5MA7B3PM476PXI),,,,,unavailable,Physical good,12,,,,,,,124.80,99.84,Y,,,,N,,,,,,,N
7ZA3FPOL4SX735GA3SBSQVZ2,Wholesale Herbal Infused Handmade Soaps,,"Size: 24 Bars | each 4 fl oz, Scent: Oatmeal Honey",,D803146,,"Natural Soaps (CXBRCNKXBOELU4ESN7OTRRSK), Soaps, Wholesale (FJNAFZPOM5N3N6RFMZXQR7BK), Wholesale (QMBXQQU2TW5MA7B3PM476PXI)",Wholesale (QMBXQQU2TW5MA7B3PM476PXI),,,,,unavailable,Physical good,12,,,,,,,124.80,99.84,Y,,,,N,,,,,,,N
FZG57MNCNRQIPSFZA3REQK2N,Wholesale Herbal Infused Handmade Soaps,,"Size: 24 Bars | each 4 fl oz, Scent: Peach Mango",,455240S,,"Natural Soaps (CXBRCNKXBOELU4ESN7OTRRSK), Soaps, Wholesale (FJNAFZPOM5N3N6RFMZXQR7BK), Wholesale (QMBXQQU2TW5MA7B3PM476PXI)",Wholesale (QMBXQQU2TW5MA7B3PM476PXI),,,,,unavailable,Physical good,12,,,,,,,124.80,99.84,Y,,,,N,,,,,,,N
7EUHQ5NBFZN6V3FGUWMM5D5X,Wholesale Herbal Infused Handmade Soaps,,"Size: 24 Bars | each 4 fl oz, Scent: Frankincense & Myrrh",,2077279,,"Natural Soaps (CXBRCNKXBOELU4ESN7OTRRSK), Soaps, Wholesale (FJNAFZPOM5N3N6RFMZXQR7BK), Wholesale (QMBXQQU2TW5MA7B3PM476PXI)",Wholesale (QMBXQQU2TW5MA7B3PM476PXI),,,,,unavailable,Physical good,12,,,,,,,124.80,99.84,Y,,,,N,,,,,,,N
4WGQKCNJI4C7FJSYWBT7MJO6,Wholesale Herbal Infused Handmade Soaps,,"Size: 24 Bars | each 4 fl oz, Scent: Somali Rose",,2895404,,"Natural Soaps (CXBRCNKXBOELU4ESN7OTRRSK), Soaps, Wholesale (FJNAFZPOM5N3N6RFMZXQR7BK), Wholesale (QMBXQQU2TW5MA7B3PM476PXI)",Wholesale (QMBXQQU2TW5MA7B3PM476PXI),,,,,unavailable,Physical good,12,,,,,,,124.80,99.84,Y,,,,N,,,,,,,N
